index,growth_mom_pct,growth_net_pct,growth_yoy
2007-10-28,0.0021977544001889606,1.002197754400189,0.3511851610577926
2007-11-04,0.004448593591851043,1.0066561249081811,0.35991070305061756
2007-11-11,-0.019723175949412988,0.9868016690360628,0.3218985095906287
2007-11-18,-0.019664258313773608,0.9673969461116747,0.31004697506044615
2007-11-25,-0.027272362396278664,0.9410137460162639,0.2552267736613581
2007-12-02,0.006415288383338963,0.9470506205696444,0.2436655758751195
2007-12-09,-0.002003373634062444,0.9451533243262727,0.2542210760031878
2007-12-16,-0.02612414357931762,0.9204620031771039,0.20985117638711076
2007-12-23,0.01717192452938716,0.9362681072278296,0.23785224627683776
2007-12-30,0.008004733426421513,0.9437626838418486,0.23016453832927813
2008-01-06,0.027261448021462197,0.9694910211919987,0.29262475562584656
2008-01-13,0.010143839561218258,0.9793253825670121,0.29400393264323776
2008-01-20,-0.019023139545181332,0.9606955391543017,0.2844514742433633
2008-01-27,-0.009681116729986913,0.9513949334977712,0.246139291991256
2008-02-03,-0.0007855605985677139,0.9506475551243384,0.28596057140320347
2008-02-10,0.020302168095521225,0.9699477615880691,0.2995880330144236
2008-02-17,0.007621367369053703,0.9773400898079231,0.2618506778173086
2008-02-24,0.017626269321302377,0.9945669494493833,0.27134367723248753
2008-03-02,0.02376204445321366,1.0181998935138965,0.2960822359779232
2008-03-09,-0.0008479077781448042,1.0173365539044799,0.2689810180156502
2008-03-16,-0.02017338222059097,0.9968134347555859,0.22785716400709233
2008-03-23,-0.016098570083359284,0.9807661638161391,0.19803375826018443
2008-03-30,0.017928030740423772,0.9983493697502023,0.2080567144632481
2008-04-06,-0.02369475090807818,0.9746937301147344,0.14889671940348204
2008-04-13,0.011669190395333751,0.9860676168285811,0.13142806629612688
2008-04-20,-0.0649963805569472,0.9219767907503087,0.052014289981886244
2008-04-27,0.027252969565642632,0.9471033961688557,0.09168729854489369
2008-05-04,-0.0018570132179422565,0.9453446126434122,0.06418677551913202
2008-05-11,-0.011830308315518632,0.934160894411426,0.04022002537682814
2008-05-18,-0.00866429641349304,0.9260670475243516,0.05142860906262796
2008-05-25,-0.026600087004311955,0.9014335834883777,0.002675308444711713
2008-06-01,-0.02204687470798855,0.8815597902156364,-0.03109014042310642
2008-06-08,0.002272858038428371,0.8835634504711832,-0.026033931251144997
2008-06-15,-0.0348350157785682,0.8527845037326535,-0.07025056614644831
2008-06-22,-0.00417185808269914,0.8492268078079558,-0.07737445940809085
2008-06-29,0.00414815277536324,0.8527495303476773,-0.061975255913785096
2008-07-06,0.0014305657832195278,0.8539694446474492,-0.067781962800358
2008-07-13,0.017555419610983843,0.868961236583194,-0.060507723440482275
2008-07-20,-0.02923532724917479,0.8435568704648367,-0.12979684668638813
2008-07-27,0.005767614406653295,0.848422181223761,-0.12911648041648538
2008-08-03,-0.0062443174095955095,0.8431243638268585,-0.15592472352869868
2008-08-10,-0.04568656602619392,0.80460490691059,-0.18210610113540962
2008-08-17,-0.02924862063482553,0.781071323227443,-0.17732224265325972
2008-08-24,0.02334642920663017,0.7993065495805014,-0.1910006603254697
2008-08-31,-0.018698914563184288,0.7843603847001019,-0.21923213102220168
2008-09-07,-0.03330736279121989,0.7582354088078348,-0.23828575131994467
2008-09-14,-0.014821326739772437,0.746997354068229,-0.26452137282115257
2008-09-21,-0.027863221193622167,0.7261836015607754,-0.3029360989157877
2008-09-28,0.017958424054898826,0.7392247146193176,-0.2939210050552447
2008-10-05,-0.01961050026461243,0.7247281481576674,-0.3131859787379976
2008-10-12,-0.11372007978515816,0.6423120053266275,-0.42520880175839093
2008-10-19,-0.02721064503035757,0.6248342813509475,-0.4514553717714037
2008-10-26,-0.07702639829203704,0.5767055471290907,-0.5306795244636298
2008-11-02,-0.04462641495180096,0.5509692460779025,-0.5797545330072817
2008-11-09,-0.02322733241199691,0.5381717002504638,-0.5832586894698657
2008-11-16,0.025754227432535463,0.5520318966164686,-0.5378402037235566
2008-11-23,-0.02443595092730523,0.5385424722804413,-0.5350037922545832
2008-11-30,-0.0016038269666382114,0.5376787433407179,-0.5430229076045603
2008-12-07,-0.05847034755282268,0.5062404803458211,-0.5994898815233206
2008-12-14,-0.0066424468637309025,0.5028778048548544,-0.5800081848077339
2008-12-21,0.011323399989485207,0.5085720913850603,-0.5858567093476358
2008-12-28,-0.03070716685881064,0.492955283315165,-0.624568609632868
2009-01-04,0.024668483380889252,0.5051157425291467,-0.6271615742734409
2009-01-11,0.06598966085704898,0.5384481590722016,-0.5713157529776102
2009-01-18,0.007326564263617507,0.5423931341122706,-0.5449660491688113
2009-01-25,-0.01874396774570694,0.5322265347009774,-0.5540289001845313
2009-02-01,-0.0016014418631450913,0.5313742048476306,-0.5548447814491088
2009-02-08,0.04923741474598789,0.557537696957033,-0.5259095347986421
2009-02-15,0.020603700457113707,0.5690250366586849,-0.5129272017105821
2009-02-22,-0.037609362238304286,0.547624367932324,-0.5681628332701887
2009-03-01,-0.0038093655606037946,0.5455382665249753,-0.5957342432840061
2009-03-08,0.034915953205953074,0.5645862551110181,-0.5599703822999084
2009-03-15,-0.028050591408176128,0.5487492767542267,-0.5678475914874935
2009-03-22,0.048241920333086344,0.5752219956462429,-0.5035071010710479
2009-03-29,0.025547164894851305,0.5899172868201629,-0.49588796691662035
2009-04-05,0.031164281248558266,0.6083016350600128,-0.44102893475998384
2009-04-12,0.03583096084501014,0.6300976671278037,-0.41686716431030746
2009-04-19,0.028052922656292997,0.6477737482496505,-0.3238178610970673
2009-04-26,-0.026360815072554195,0.6306979042631862,-0.3774316457352641
2009-05-03,0.019040405793532934,0.642706648293488,-0.35653422672378887
2009-05-10,0.05410054835632987,0.6774774303984246,-0.2906033700519404
2009-05-17,-0.00813155755850329,0.6719684836785529,-0.29007063119695065
2009-05-24,0.0008714433641655531,0.6725540661545829,-0.26259910082847315
2009-05-31,0.021424293308778028,0.68696306173389,-0.21912793281170656
2009-06-07,0.04846777853351186,0.7202586352707114,-0.17293301231662306
2009-06-14,0.010682986871565327,0.72795314881544,-0.12741500966648955
2009-06-21,-0.011417924494037618,0.7196414347270684,-0.134661076077828
2009-06-28,0.0227686202413021,0.7360266772642747,-0.11604060861188917
2009-07-05,0.019833338758673588,0.750624543689878,-0.09763783563643513
2009-07-12,-0.008587090607129262,0.744178862721278,-0.12378034585454822
2009-07-19,0.0316742800482708,0.7677501924251154,-0.06287073855710262
2009-07-26,0.02930774939007001,0.7902512226588887,-0.039330603573685924
2009-08-02,0.0012673967844134583,0.7912527845173654,-0.031818889379676946
2009-08-09,0.021182917060494195,0.8080138266256819,0.03505059370701116
2009-08-16,0.027952585309332464,0.8305999020455564,0.09225179965116916
2009-08-23,-0.04315770351470498,0.7947531177337314,0.025747666929834018
2009-08-30,0.013967980834579456,0.8058542140504583,0.058414562327597765
2009-09-06,0.0030387038333642654,0.8083029663398262,0.09476062895218192
2009-09-13,0.01938868392578806,0.823974897070466,0.12897063961774244
2009-09-20,-0.03217629899192939,0.7974624344204824,0.12465756181943519
2009-09-27,-0.03093583023447253,0.7727922719308812,0.07576330753006384
2009-10-04,-0.006231187762122064,0.7679768581833629,0.0891426200325542
2009-10-11,0.019731622485445542,0.7831302876265956,0.2225943223031579
2009-10-18,0.012499624414276739,0.7929191220893727,0.2623045917477922
2009-10-25,0.03478069704648337,0.8204974018571267,0.3741116870863126
2009-11-01,-0.009028534951336646,0.8130895123869788,0.4097095670867769
2009-11-08,0.016160852691941237,0.8262297322220271,0.44909775219071507
2009-11-15,0.0092166720692406,0.833844820717774,0.4325601968274202
2009-11-22,0.03105405220951997,0.8597390813149816,0.4880501999642454
2009-11-29,-0.004692353462541094,0.8557048816598913,0.48496167346834257
2009-12-06,0.034982921095217265,0.8856399380157916,0.5784149421163824
2009-12-13,-0.013694013910221169,0.8735119723851559,0.5713633750698922
2009-12-20,-0.013932562417783968,0.8613417123072181,0.5461074126626231
2009-12-27,0.014458383326436088,0.8737953209588046,0.5912729628478698
2010-01-03,0.013123218023492965,0.8852623274636551,0.5797276974904735
2010-01-10,0.014345794545470643,0.8979621189322937,0.5280838311788951
2010-01-17,-0.005726143859480688,0.8928202586589233,0.515031123055797
2010-01-24,-0.013023895688862957,0.8811922607412459,0.5207511951126409
2010-01-31,-0.04690467901405371,0.8398602206015094,0.47544795796173234
2010-02-07,-0.028094598056943122,0.8162646852796944,0.39811594515880133
2010-02-14,0.035123180549792125,0.8449344971971923,0.4126354252514797
2010-02-21,0.012563299673343525,0.8555496624898264,0.46280808716312755
2010-02-28,0.013625713551916219,0.8672071371203515,0.48024316627564756
2010-03-07,0.018094513238047782,0.882898828143105,0.4634217263077423
2010-03-14,0.002888645005731984,0.8854492094335872,0.4943609627216504
2010-03-21,0.015095847288473043,0.8988158154808957,0.46121488967703705
2010-03-28,-0.006083524376810831,0.8933478475571546,0.4295842004053749
2010-04-04,0.024117604139267897,0.914893257303205,0.4225375232960846
2010-04-11,-0.007020603070719508,0.9084701548916015,0.37968595938035493
2010-04-18,-0.003067116893534602,0.9056837707322616,0.34856591983052737
2010-04-25,-0.024475589841251335,0.8835166262339409,0.3504511450618302
2010-05-02,-0.019065504576871103,0.8666719359527361,0.3123452346914261
2010-05-09,-0.05364044041909963,0.8201832716093576,0.20460424591599666
2010-05-16,0.006734275669661536,0.8257066118600199,0.21947007914416145
2010-05-23,-0.02144192448272746,0.8080018730436287,0.19715671129726847
2010-05-30,0.010720785799682327,0.8166642880502715,0.18645320378817276
2010-06-06,-0.031342846393677584,0.7910677047147098,0.10664257886098331
2010-06-13,0.0031778116680614395,0.7935815688969787,0.09913740365747942
2010-06-20,-0.0016304235460639013,0.7922876948213268,0.10892490460545318
2010-06-27,0.022092572215402197,0.8097913679345414,0.10824885657955324
2010-07-04,-0.026630291550605367,0.7882263877112811,0.061785226270274315
2010-07-11,0.014042264813671634,0.7992948713806466,0.08441458169107519
2010-07-18,-0.005471790652518569,0.79492129717482,0.047268510990285825
2010-07-25,0.028223422590597028,0.8173566968712505,0.046184184190812855
2010-08-01,0.02475405133112337,0.8375895865014388,0.06967083873752278
2010-08-08,0.018269109986424486,0.8528916027807174,0.06675703166345305
2010-08-15,0.0010645100312281588,0.8537995144474276,0.03986895638534876
2010-08-22,-0.0010896666865223158,0.8528691575595654,0.08193699321353141
2010-08-29,0.004672587881652357,0.8568542636498132,0.07264160026060432
2010-09-05,0.014529105969006294,0.8693035900463761,0.08413200239624635
2010-09-12,-0.007689889925185345,0.862618741127351,0.057053428545272934
2010-09-19,0.01425802633568692,0.8749179818560019,0.10348775387288922
2010-09-26,0.00346429501904662,0.87794895586262,0.13788787912640837
2010-10-03,0.011126826024249685,0.887717741152675,0.15524589291278013
2010-10-10,0.00636922362159863,0.8933718139589368,0.14188349404893322
2010-10-17,0.031962548279711046,0.9219262536943323,0.16134641791436755
2010-10-24,-0.0021162715282297294,0.9199752074125116,0.12444944933965443
2010-10-31,0.0009205730550526066,0.9208221117997719,0.13439855734604367
2010-11-07,0.039615003743003106,0.95730048320536,0.15785270839710555
2010-11-14,-0.016385963093849806,0.9416141928178324,0.13225007323401514
2010-11-21,-0.01580432994254337,0.9267326114359578,0.0853916910819518
2010-11-28,-0.01701528935257691,0.9109639878999057,0.073068755191916
2010-12-05,0.03554220155491116,0.9433416535671099,0.07362803565160989
2010-12-12,0.010753760144165535,0.9534861234435712,0.0980758097059966
2010-12-19,0.0072561580662662195,0.9604047694692692,0.11926453019004676
2010-12-26,0.011673089626341584,0.9716156604208499,0.11647923648995227
2011-01-02,0.005226642023076107,0.9766939476618844,0.10858266048953544
2011-01-09,0.0001420365474635258,0.9768326738981389,0.09437890249152829
2011-01-16,0.014056381906213665,0.9905634070209189,0.11416142825722266
2011-01-23,-0.006067013262964327,0.9845536456927159,0.12111831068312129
2011-01-30,0.009969450850226939,0.9943691048728612,0.1779924405474019
2011-02-06,0.017220968081988683,1.0114931034895924,0.22330800668633374
2011-02-13,0.008544145708977241,1.0201354479494331,0.19672897184551885
2011-02-20,0.00036776324230678673,1.020510616269363,0.1845334354144821
2011-02-27,-0.007909613176471786,1.0124387720521895,0.1629981086860941
2011-03-06,0.020564386603421976,1.0332589543729644,0.16546798205146832
2011-03-13,-0.029892305460616837,1.0023724620889303,0.13268703158511946
2011-03-20,0.013084421311623955,1.0154879256940716,0.1306756056082704
2011-03-27,0.01935567415624659,1.0351433790934088,0.1561148041413278
2011-04-03,-0.008425213148777052,1.0264220754850015,0.12357198685328288
2011-04-10,0.02204396701691549,1.0490484898624268,0.15263655694091788
2011-04-17,-0.012685077616992904,1.0357412283445329,0.14301859621745955
2011-04-24,-0.002883209336010665,1.0327549695652787,0.16461097672270025
2011-05-01,-0.022949399453395566,1.0090538632312458,0.1607270818461758
2011-05-08,-0.027299978321430825,0.9815067146398767,0.18706754394384456
2011-05-15,0.0033143011551418034,0.984759723477987,0.18364756942932484
2011-05-22,0.007943735055173439,0.992582393814302,0.21303322896722574
2011-05-29,-0.0071033093700095225,0.9855317739958145,0.1952091337975339
2011-06-05,-0.0007521097411087689,0.9847905459484201,0.22579987045010272
2011-06-12,-0.0025983519871007393,0.982231713476477,0.22002370679494054
2011-06-19,-0.0028759987203160367,0.9794068163254648,0.2187781316206884
2011-06-26,0.0017668426835160608,0.9811372740930752,0.19845240208880227
2011-07-03,0.014390697558062939,0.995256523867491,0.23947339119747055
2011-07-10,0.011046687048042077,1.0062508112191775,0.23647781343184102
2011-07-17,-0.013849219197228937,0.9923150231672137,0.2281003848871306
2011-07-24,0.0007397547741363258,0.9930490929430488,0.20061671707066994
2011-07-31,-0.0034267540719534117,0.9896461579201565,0.17243591166759314
2011-08-07,-0.03000960680376967,0.9599472658461113,0.12415719487739897
2011-08-14,-0.017020079333062543,0.943608887225854,0.10607260551310829
2011-08-21,-0.007412150326219837,0.9366147163045789,0.09975012187341076
2011-08-28,0.010825131727278352,0.9467536939862834,0.10590266571903677
2011-09-04,-0.002555125292149331,0.9443346196773432,0.08881843445788114
2011-09-11,-0.0011597626840654843,0.9432394156241702,0.095348561699001
2011-09-18,-0.011779021993705632,0.932128977802203,0.06931151336960845
2011-09-25,-0.06971997480657802,0.8671409689533521,-0.003872756456016188
2011-10-02,-0.02753597142329893,0.843263400012281,-0.0425355539035648
2011-10-09,0.002251629472384656,0.8451621167367319,-0.04665314805277877
2011-10-16,0.009524415936815947,0.8532117922705723,-0.06909128039567387
2011-10-23,-0.03697566715492037,0.8216637170269225,-0.10395067602236452
2011-10-30,0.05788509588592275,0.8692258000730096,-0.04698615319149438
2011-11-06,-0.009363255347952097,0.861087016951898,-0.09596441228244959
2011-11-13,-0.018498141491583527,0.8451585074757562,-0.09807659068018329
2011-11-20,-0.008389225779596303,0.8380682819369953,-0.09066148651723624
2011-11-27,-0.016895709437746965,0.823908523756396,-0.0905419066024063
2011-12-04,0.02615965855332313,0.8454616894170358,-0.09992444960399431
2011-12-11,-0.005014616498592031,0.8412220232803577,-0.11569282624675188
2011-12-18,-0.031451823090186556,0.814764057024575,-0.15440080740320467
2011-12-25,0.005058400898769721,0.8188854602629134,-0.1610154961307765
2012-01-01,-0.0021907152840287747,0.8170915153692465,-0.1684328534378814
2012-01-08,-0.0005045152571585094,0.8166792802332479,-0.16907940524250345
2012-01-15,0.023989215772853636,0.836270775703982,-0.15914657137586347
2012-01-22,0.02447721396272264,0.8567403544116605,-0.12860234415017652
2012-01-29,0.0163744902450076,0.8707690409874786,-0.12219730475539585
2012-02-05,-0.0009680216038946302,0.8699261177438001,-0.14038629444127915
2012-02-12,0.008806628130693467,0.8775872335639477,-0.14012381201956292
2012-02-19,-0.010698854486636121,0.8681980554527176,-0.15119042974850586
2012-02-26,0.018285619118339678,0.884073594414009,-0.12499519745369436
2012-03-04,0.008563402647754511,0.8916442725732239,-0.13699618140936184
2012-03-11,-0.004848397668909028,0.8873212265605838,-0.11195227361765403
2012-03-18,-0.0075627252578987355,0.8806106599086044,-0.13259942018717671
2012-03-25,-0.010830809989418409,0.8710729331764779,-0.16278590433284174
2012-04-01,-0.003609997175728882,0.867928362347857,-0.15797068835979355
2012-04-08,0.0030423457825174494,0.8705689005405733,-0.17697230959419158
2012-04-15,0.0018720022209895073,0.8721986074559097,-0.16241522975620917
2012-04-22,-0.0035779837782564804,0.8690778949870146,-0.163110004198455
2012-04-29,0.014737951969739187,0.8818863232612953,-0.12542265277532025
2012-05-06,-0.010262118042599381,0.872836301711834,-0.1083847924964888
2012-05-13,-0.011936639423028167,0.8624175695029704,-0.12363573307465878
2012-05-20,-0.01953721269389629,0.8455683340166378,-0.1511166808237285
2012-05-27,-0.002685795006268828,0.8432973108076768,-0.1466991664599878
2012-06-03,-0.004298980377449457,0.8396719922161586,-0.1502460370963285
2012-06-10,-0.007750360781457612,0.8331642313383981,-0.15539804589068537
2012-06-17,0.016920526856402617,0.8472618090905535,-0.13560152031396672
2012-06-24,-0.014989530067535594,0.8345617527281161,-0.15235789306501835
2012-07-01,-0.008268438653201584,0.8276612300733752,-0.1750170292762829
2012-07-08,0.012865545892592326,0.8383095436124037,-0.17319817043173263
2012-07-15,-0.008491574080444179,0.8311909760204756,-0.16784052531494786
2012-07-22,-0.005979132890584966,0.8262211747173942,-0.17455941297966918
2012-07-29,-0.015469777081433793,0.8134397173245558,-0.18660243598914955
2012-08-05,-0.00903590629208224,0.8060895522645531,-0.16562873547746212
2012-08-12,0.02093343908958888,0.822963778807637,-0.1276752170548107
2012-08-19,-0.002836988514324043,0.8206290400194551,-0.12310005524291491
2012-08-26,0.007997825722819858,0.8271922880646158,-0.12592736124737341
2012-09-02,-0.0028299607879559655,0.8248513663252933,-0.12620219674318003
2012-09-09,0.02058243485219756,0.8418288158354298,-0.10445999920691698
2012-09-16,0.01620309326722464,0.8554690466534485,-0.07647788394598672
2012-09-23,-0.016346956803466768,0.8414847311011017,-0.023104865942875467
2012-09-30,0.015754876808754405,0.8547422193760473,0.020185982289177867
2012-10-07,-0.0035601810757424288,0.8516991823019867,0.014374171741050781
2012-10-14,-0.013096540013876248,0.840544869881183,-0.008246784209641414
2012-10-21,0.0007350639617959408,0.8411627241233052,0.029463946907074903
2012-10-28,-0.028165072582306105,0.8174713149448419,-0.05658622156115395
2012-11-04,0.00715512739822561,0.8233204263476672,-0.04006783881497625
2012-11-11,-0.001728284562899765,0.8218974943644906,-0.023297981886292483
2012-11-18,-0.0026413117894233465,0.8197266068229281,-0.01755006789611953
2012-11-25,0.004618613095067607,0.8235126068635757,0.003964254636695046
2012-12-02,0.010585736323742254,0.8322300941791112,-0.011609667592885824
2012-12-09,0.014512433399902068,0.8443077779942798,0.007917382305608275
2012-12-16,0.01662060617658953,0.8583406850641541,0.05598981157238436
2012-12-23,-0.0020368061060439062,0.8565924115157495,0.048894604567570735
2012-12-30,0.01694344043361349,0.8711060340161519,0.068028760285213
2013-01-06,0.008259406919732532,0.8783008532213258,0.07679268246210404
2013-01-13,-0.002793077821051606,0.8758476905879825,0.050010388868198793
2013-01-20,0.00998933637360122,0.8845968277813077,0.03552251127907738
2013-01-27,0.004689333510442107,0.8887449973290533,0.023837354544511885
2013-02-03,0.011899644331614766,0.899320746698771,0.036705020480021285
2013-02-10,-0.0059244600589195605,0.8939927568547965,0.02197393229040825
2013-02-17,0.007027009347810547,0.9002748523140902,0.03969979612485492
2013-02-24,-0.028527191470275777,0.8745925392262519,-0.007113014463760531
2013-03-03,0.0025490117111860973,0.8768218858512556,-0.013127405400328949
2013-03-10,-0.007995753192695486,0.8698110344580352,-0.016274760924115405
2013-03-17,0.0006408150488397633,0.8703684224585627,-0.008071220617376904
2013-03-24,-0.001918679000950609,0.8686984648433009,0.0008409103710908979
2013-03-31,-0.009062597549872806,0.8608258002642337,-0.004611690003053028
2013-04-07,-0.006613400513549658,0.8551328144746895,-0.014267436299120133
2013-04-14,0.0036675642025051063,0.8582690689734442,-0.012471874317604536
2013-04-21,-0.014583103911007499,0.8457528419570008,-0.023476994450355556
2013-04-28,-0.007887972485674799,0.8390815668099627,-0.046102918905769535
2013-05-05,0.0024845075315729818,0.841166271282306,-0.03335629333159718
2013-05-12,0.012523863026251976,0.8517009224461488,-0.008895790882317036
2013-05-19,0.002117535648391622,0.8535044295111965,0.012758957459970875
2013-05-26,-0.001027657094290627,0.8526273196292009,0.014417095371949077
2013-06-02,0.0029324084678692018,0.8551275712012182,0.021648484217267734
2013-06-09,-0.0036905534115117076,0.8519716772260438,0.025708291587213637
2013-06-16,-0.01257608249809422,0.8412572111272094,-0.0037883177672831964
2013-06-23,-0.024423416970598397,0.8207108354803269,-0.013222204670346002
2013-06-30,-0.011689090335713463,0.8111174723848985,-0.01664285635285788
2013-07-07,0.0109262277080033,0.819979926586116,-0.018582174537446906
2013-07-14,0.0075630528636755935,0.8261814781180397,-0.00252754759332713
2013-07-21,-0.009640345406091523,0.8182168033008665,-0.006188760108833689
2013-07-28,0.003951172575245849,0.8214497190946743,0.013232189547845954
2013-08-04,0.007358022288893416,0.8274939644369782,0.029626118128821613
2013-08-11,0.013653033410299612,0.8387917671802575,0.022345712449532342
2013-08-18,0.01297064601899664,0.8496714382760013,0.038153346982853026
2013-08-25,-0.007775642353520764,0.8430646970539655,0.022379878906512402
2013-09-01,-0.005627765190039005,0.8383201268989343,0.019582074504429364
2013-09-08,0.002550685229531155,0.8404584176642341,0.0015503248817629565
2013-09-15,0.00024130979325487877,0.8406612285112401,-0.0144114585922068
2013-09-22,-0.0015350467661205958,0.839370774211011,0.0004004514451393659
2013-09-29,-0.006022349993369853,0.8343157896345065,-0.021376775356984887
2013-10-06,0.0005012168698450754,0.8347339627830493,-0.017315377411397385
2013-10-13,-0.00043242374223260386,0.834373003999094,-0.00465126113975374
2013-10-20,-0.0019121508915321312,0.8327775569156267,-0.007298475993081813
2013-10-27,-0.009976209595407681,0.8244695934614849,0.010890386993816614
2013-11-03,0.006563085374710419,0.8298806577922254,0.01029834497030142
2013-11-10,0.0005756874057862068,0.830358409635222,0.012602316938987394
2013-11-17,-0.008168099878486594,0.8235759592103803,0.007075528849924144
2013-11-24,0.0033480412916074673,0.8263333255285918,0.005804957046464006
2013-12-01,0.007566238526966281,0.8325855605723225,0.0027854592496880347
2013-12-08,0.0005396858362671362,0.8330348952068439,-0.0111872883139469
2013-12-15,0.008512730259648814,0.8401262965666146,-0.019295164230887618
2013-12-22,-0.010276074365203981,0.8314930962669327,-0.027534432490047694
2013-12-29,0.008882207851094646,0.8388785907747258,-0.035595665072566535
2014-01-05,-0.008647077416856167,0.8316247426569535,-0.052502149409155235
2014-01-12,-0.01594649200242007,0.8183632453491598,-0.06565556359052369
2014-01-19,0.0069350701551391695,0.8240386518680436,-0.06870982980898575
2014-01-26,0.005620156461675777,0.8286698780220104,-0.06777900685775208
2014-02-02,-0.01041421811660942,0.8200399291656252,-0.09009286930597626
2014-02-09,0.0034874358492001352,0.8228997658123729,-0.08068097339785657
2014-02-16,0.005036981786040515,0.8270446969445068,-0.08267100095962661
2014-02-23,0.00024858308342630073,0.8272502862654045,-0.05389522640592453
2014-03-02,-0.011089535650740376,0.8180764647237792,-0.067533773767851
2014-03-09,0.007582093592293042,0.824279197044967,-0.05195592698286247
2014-03-16,-0.02544735444114889,0.8033034721592981,-0.07804409647285113
2014-03-23,0.012734399570221138,0.8135330595499206,-0.06339101790167938
2014-03-30,0.016400824501437667,0.8268756724857166,-0.0379275958503689
2014-04-06,0.00507711685128191,0.8310738168964089,-0.026237078485537337
2014-04-13,0.0010459597402937555,0.8319430866500948,-0.02885868294774869
2014-04-20,-0.0016828000850415577,0.8305430927531303,-0.01595837912178275
2014-04-27,0.008017011111484916,0.8372015659562992,-5.3395524623030266e-05
2014-05-04,-0.005109042013467742,0.8329242679820875,-0.007646945069663753
2014-05-11,-0.00881825576253117,0.8255793287562024,-0.028989063858446903
2014-05-18,0.011056881399412574,0.8347076614800664,-0.02004971810742595
2014-05-25,0.00446857347016839,0.8384376139915025,-0.014553487542966932
2014-06-01,-0.0011424816909752673,0.8374797143684922,-0.018628377701811402
2014-06-08,-0.007368174939183314,0.831309017325008,-0.02230599922948301
2014-06-15,-0.006289015836205473,0.8260809017502706,-0.01601893256759426
2014-06-22,-0.00039724585127522095,0.8257527445392326,0.008007238551728912
2014-06-29,0.006488484834603108,0.8311106286993074,0.026184813722045484
2014-07-06,0.015204447787607355,0.8437472068590917,0.030463033801649542
2014-07-13,-0.00246772712462833,0.8416650689903962,0.02043225381334562
2014-07-20,-0.0009796221243915607,0.8408405552674857,0.02909297709504558
2014-07-27,0.013945647134861378,0.8525666209479269,0.039087451654661105
2014-08-03,-0.000757053798253957,0.8519211821492737,0.030972375567513737
2014-08-10,-0.0064188896217631485,0.8464527941146155,0.010900452535450975
2014-08-17,-0.0017344972637168793,0.8449846240593581,-0.0038046907472625447
2014-08-24,0.015874128110836154,0.858398018233363,0.01984507971709437
2014-08-31,-0.010061041598632026,0.8497616400637339,0.015411803308501351
2014-09-07,0.00878144393179673,0.8572237742613452,0.021642562010766926
2014-09-14,-0.009945088293304222,0.8486986081391966,0.011456163924207823
2014-09-21,-0.007853282319889793,0.842033538364982,0.005137928370438626
2014-09-28,-0.00642036367169195,0.8366273768249172,0.004739914692116532
2014-10-05,-0.0024249208018569707,0.8345986216954514,0.0018137770204144817
2014-10-12,-0.00011810653074122938,0.8345000501476816,0.002128094231905856
2014-10-19,-0.010297929746635612,0.8259064272576969,-0.006257684623197625
2014-10-26,-0.0009394153485606759,0.8251305580834561,0.002779109623649384
2014-11-02,0.013360188912792705,0.8361544582171693,0.00957621316173167
2014-11-09,-0.00311745534530511,0.8335477840318994,0.005883070410640352
2014-11-16,-0.002249476328385059,0.8316727380231419,0.011801693960741884
2014-11-23,0.007583200055851878,0.8379794787765694,0.016036852724986297
2014-11-30,0.010265606463632528,0.8465818463302897,0.01873622066165255
2014-12-07,0.0048322924497277275,0.8506727773943881,0.023028827275113142
2014-12-14,0.002939788169931835,0.8531735751618551,0.01745588518539616
2014-12-21,-0.011805277034666403,0.8431016247484127,0.015926682515933745
2014-12-28,0.0016468661907532085,0.8444901003095798,0.008691340855592297
2015-01-04,0.012146154310545824,0.8547474073816683,0.029484572582994292
2015-01-11,-0.014389771931232354,0.842447787130634,0.031041292654182
2015-01-18,-0.023412271688049335,0.8227241706553355,0.0006939508109934933
2015-01-25,0.003655509363478623,0.8257316465647263,-0.0012706962872036653
2015-02-01,-0.014121764958400042,0.8140708583332266,-0.004978243128994281
2015-02-08,0.010089214283457507,0.8222841936648686,0.001623535305263088
2015-02-15,-0.005748473065510658,0.817557315125391,-0.009161919546288089
2015-02-22,0.0032612669663357246,0.8202235877902955,-0.0061492356633786605
2015-03-01,0.006695408514633416,0.8257153197838897,0.011635708501995148
2015-03-08,-0.007320312264197458,0.8196708258017399,-0.0032666973544953626
2015-03-15,0.00492321876520198,0.8237062445926157,0.027103875851855502
2015-03-22,0.010913509749923186,0.8326957707240498,0.025282986031557556
2015-03-29,0.02157377269165576,0.8506601600029535,0.030455934221775643
2015-04-05,-0.00114065124707027,0.8496898534306131,0.02423816612342347
2015-04-12,0.014383854707979298,0.8619116688292032,0.03757606109110902
2015-04-19,-0.004377598257107723,0.8581385658099557,0.03488126291904285
2015-04-26,0.008248989740471793,0.8652173420352253,0.03511324154802972
2015-05-03,0.017822652503677677,0.8806378100624748,0.058044936065175134
2015-05-10,0.002146817505621767,0.8825283787292294,0.06901000933332808
2015-05-17,0.0048836375102364,0.8868383274234395,0.0628367654441519
2015-05-24,0.0019051364511586972,0.8885278754472984,0.0602733284251422
2015-05-31,-0.0037680003432053666,0.8851799021076654,0.057647809772912104
2015-06-07,0.009926379215781546,0.8939665334901745,0.07494236392787697
2015-06-14,0.008352539235405144,0.9014334240362903,0.08958391899948759
2015-06-21,-0.024665227793717152,0.8791993632915648,0.06531593705704566
2015-06-28,-0.011520852955368338,0.8690702367086293,0.04730659926707423
2015-07-05,-0.0411659592481348,0.833294126760515,-0.009063807768667956
2015-07-12,-0.019531563358708055,0.8170185897272526,-0.02612764400274767
2015-07-19,0.008320233141805982,0.8238163748749728,-0.016827788736550123
2015-07-26,-0.008929964693327174,0.8164597237335546,-0.039703400564738686
2015-08-02,-0.009589616869956966,0.8086301877931988,-0.04853596363644169
2015-08-09,-0.009124367431661916,0.80125194884344,-0.05124144144634045
2015-08-16,0.03060927477676051,0.8257776899110038,-0.018897669405863085
2015-08-23,-0.02312235323897476,0.806683766468017,-0.05789415075567397
2015-08-30,-0.022171219919064178,0.7887986032765155,-0.07000432907610613
2015-09-06,-0.007237591758633269,0.7830896010062199,-0.08602336476653613
2015-09-13,0.022005347633402693,0.8003217599044645,-0.0540729288398292
2015-09-20,-0.02082696040426653,0.7836534903002613,-0.06704660692420594
2015-09-27,-0.01790793389796749,0.7696198753970527,-0.0785341771504815
2015-10-04,-0.002143116923565609,0.7679704900173768,-0.07825237327219012
2015-10-11,0.0021348750075407003,0.7696100110230437,-0.07599939173390821
2015-10-18,0.013030784821251713,0.7796386334729661,-0.05267067716602086
2015-10-25,-0.0008047026821023286,0.7790112561735398,-0.052535964499562535
2015-11-01,-0.0165556047572438,0.7661142537148867,-0.08245175816959904
2015-11-08,-0.0036141240719374185,0.7633454217486814,-0.08294842689623134
2015-11-15,-0.0232119432010953,0.7456266911762348,-0.10391089376894157
2015-11-22,-0.004434878462074892,0.7423199274227892,-0.11592897228686834
2015-11-29,-0.0045398658010694475,0.73894989457083,-0.13073444455157032
2015-12-06,0.011327283166502805,0.7473201892724912,-0.12423945383479525
2015-12-13,0.007689864308554783,0.7530669801230402,-0.11948937769617232
2015-12-20,0.012495713645811361,0.7624770894627735,-0.09518838701569453
2015-12-27,0.008837217947788509,0.7692152656825514,-0.08799803525865924
2016-01-03,-0.00019202052432525703,0.7690675605639161,-0.10033621009353033
2016-01-10,-0.015639378752849726,0.7570398216977269,-0.10158581691514768
2016-01-17,-0.028052457252987696,0.735802994460742,-0.10622600248008604
2016-01-24,0.009310438683565653,0.7426536431238527,-0.10057107315999902
2016-01-31,0.00046775273933292484,0.7430010213997994,-0.08598155546226605
2016-02-07,0.01659812245625182,0.7553334433381135,-0.07947264728947173
2016-02-14,-5.7599858238402555e-05,0.7552899362388544,-0.07378177408219949
2016-02-21,-0.0001338232967994955,0.7551888608495475,-0.0771768643453347
2016-02-28,-0.005440337004939725,0.7510803789441495,-0.08931260986490785
2016-03-06,0.02706239625882148,0.7714064137813619,-0.0549299013418889
2016-03-13,0.00468873288152514,0.7750233323986778,-0.05516438722556574
2016-03-20,0.015974291563394465,0.7874037810788479,-0.050103605412094465
2016-03-27,0.005985743293120779,0.7921169779804185,-0.06569163481062945
2016-04-03,-0.009321224445848597,0.7847334778412957,-0.07387220800940776
2016-04-10,0.0007101939271240086,0.7852907907916694,-0.08754586879026306
2016-04-17,0.017194539286979456,0.7987935041456399,-0.06597373124617588
2016-04-24,0.0062214611299349545,0.8037631668825265,-0.06800125985671272
2016-05-01,-0.0029731126041472366,0.8013734884803188,-0.08879702496453762
2016-05-08,-0.011912532521210497,0.791827100737161,-0.10285637499136989
2016-05-15,-0.013386058402601639,0.7812276569219306,-0.12112607090420793
2016-05-22,-0.0064180374875227,0.7762137085335162,-0.12944924484288933
2016-05-29,0.003662538202763543,0.779056620894529,-0.12201870629692042
2016-06-05,0.008042985105913432,0.7853225616930469,-0.12390210040678853
2016-06-12,-0.005204814082315855,0.7812351037647866,-0.13745945372450954
2016-06-19,-0.0005358996416512261,0.7808164401526336,-0.11333012557244362
2016-06-26,-0.0003687490284620869,0.7805285148489202,-0.10217802164553735
2016-07-03,0.016242320402435895,0.7932061090703337,-0.044769741994966666
2016-07-10,-0.013480546955989756,0.7825132568712332,-0.03871872559224837
2016-07-17,0.030304668773752385,0.8062270619317862,-0.016734289960301962
2016-07-24,-0.005819388308164074,0.8015353135938549,-0.013623713575138863
2016-07-31,-0.009855616065311025,0.7936356892802852,-0.013889712770492923
2016-08-07,0.011079254401357704,0.8024285809838182,0.006313909062526699
2016-08-14,-0.00010620596018372924,0.802343358285896,-0.02440157167441754
2016-08-21,0.006102341865230321,0.8072395317514536,0.004823123429787541
2016-08-28,-0.012018288759290695,0.79753789396095,0.014976054589561024
2016-09-04,0.003406195868199183,0.8002544642400921,0.025619842216393476
2016-09-11,0.00010333272264899081,0.800337156712694,0.003717827305639772
2016-09-18,-0.0049008279207417545,0.7964148420290693,0.01964395978916455
2016-09-25,0.014327925265773712,0.8078258143662148,0.051879818952905755
2016-10-02,0.006964856810289369,0.8134522054909309,0.06098779268676073
2016-10-09,0.00013163800980501105,0.8135592867203333,0.05898455568902504
2016-10-16,-0.008053408877375559,0.8070073611383884,0.03790036199039777
2016-10-23,-0.00015992401682711423,0.8068783012795862,0.03854514065567298
2016-10-30,0.014948580444257453,0.8189399864749899,0.07004932585717424
2016-11-06,0.014625451784417235,0.8309173537615112,0.08828890171352889
2016-11-13,0.06399440074546016,0.8840914118844827,0.17549524566008434
2016-11-20,-0.012239023257990594,0.8732709965322387,0.16769110086416866
2016-11-27,0.02808049345495251,0.8977928770347622,0.20031146012019063
2016-12-04,-0.007825362898586225,0.8907673219641994,0.18115881405510156
2016-12-11,0.00785883936446251,0.8977677192586285,0.1813277891110093
2016-12-18,-0.009092891221440564,0.8896044150452891,0.15973918424375738
2016-12-25,-0.017207846997383806,0.8742962383829926,0.13369411929858505
2017-01-01,0.0016419420796333925,0.8757317821668589,0.1355280819025437
2017-01-08,0.0026918509444687315,0.878089121591786,0.15385931159986216
2017-01-15,0.019598326828391906,0.8952981991811974,0.20151009568124176
2017-01-22,-0.008971061102010302,0.887266424331823,0.1832285958956658
2017-01-29,0.014201874236831665,0.8998672705047469,0.19696271739316457
2017-02-05,-0.006048020481811495,0.8944248548218223,0.17431657445510124
2017-02-12,0.00498294748000056,0.8988817268982066,0.17935712179334018
2017-02-19,0.0008550117881682277,0.8996502813708736,0.18034595687830793
2017-02-26,-0.00024495547667622696,0.8994299071073585,0.18554133840657142
2017-03-05,0.003360325029572419,0.9024522839365573,0.16183926717732236
2017-03-12,-0.006230845567876065,0.8968292431229715,0.15091968872792114
2017-03-19,0.015943768114612556,0.9111280806137277,0.15088916527913926
2017-03-26,-0.00812570734878765,0.9037245204733979,0.1367777146372308
2017-04-02,0.0023391074153196094,0.9058384292006434,0.148438046498399
2017-04-09,-1.2702695435097382e-05,0.9058269226109639,0.14771514987583992
2017-04-16,-0.01265098768150955,0.8943673173714329,0.11786962290735091
2017-04-23,-0.00858630530361906,0.8866880065309031,0.1030618564737969
2017-04-30,0.0007364005365480316,0.8873409640546631,0.10677136961449217
2017-05-07,-0.016230949796089092,0.8729385774150786,0.10245295233961356
2017-05-14,0.0011952252378235103,0.8739819356338749,0.11703423598003873
2017-05-21,0.003359822084839371,0.8769183594429684,0.1268120955524008
2017-05-28,0.005492346866766498,0.881734699246865,0.12864190421640376
2017-06-04,-0.0018912158418095816,0.880067148615376,0.11870770326868073
2017-06-11,0.0022792746544113827,0.8820730633613951,0.12619179200540798
2017-06-18,-0.00684544710794222,0.8760348788608141,0.11988224453911697
2017-06-25,0.01031703207654212,0.8850729588061909,0.13056802564412118
2017-07-02,0.010402975127631142,0.8942803507827906,0.12472868036931643
2017-07-09,-0.0037138378565197386,0.8909591385617117,0.13449538946878645
2017-07-16,-0.002544041387847422,0.8886925016383298,0.10164667930718663
2017-07-23,0.0022314133463715155,0.8906755419473058,0.10969748096172222
2017-07-30,0.014752884410008537,0.903815575264476,0.13430598143704178
2017-08-06,9.63562762707473e-05,0.9039026635677441,0.12332308331195484
2017-08-13,-0.002642097479630048,0.9015144646185008,0.1207871917925085
2017-08-20,0.011732279437942496,0.9120912842347522,0.12641712936522068
2017-08-27,0.011086381114497534,0.92220307582299,0.1495217992390089
2017-09-03,0.004730599184371558,0.9265656489413032,0.15084620255518127
2017-09-10,-0.00035069323319459646,0.9262407086381089,0.1503921765993377
2017-09-17,-0.008450780552938934,0.9184132516702096,0.14684222396714053
2017-09-24,-0.004048042583150668,0.9146954757185187,0.12846625611821613
2017-10-01,0.0026913000833822124,0.9171571957285892,0.12419269939130899
2017-10-08,-3.57042168395348e-05,0.917124449349197,0.12402535716466444
2017-10-15,0.0014037563669313787,0.9184118686342394,0.13348252240897138
2017-10-22,-0.006895769699439022,0.9120787118989062,0.12674667672635948
2017-10-29,5.47411859777888e-05,0.9121286401693006,0.11185283746807981
2017-11-05,-0.0010461212498264066,0.9111744430162443,0.09618126443383618
2017-11-12,-0.0014890238403578258,0.9098176825478683,0.030697839848018188
2017-11-19,-0.0034428276830935156,0.9066853370438245,0.039494035422915255
2017-11-26,0.01300722533382557,0.9184787975296291,0.02442076730178832
2017-12-03,-0.007312642025026801,0.9117622908757179,0.024933488175347747
2017-12-10,-0.002189196507434632,0.9097662640529222,0.014885452303450607
2017-12-17,0.0073049177702982256,0.9164120318020201,0.03128326129518939
2017-12-24,0.011359664823907191,0.9268221653238868,0.059850773116480384
2017-12-31,0.01115092893351816,0.9371570934234229,0.06935975997036517
2018-01-07,0.012624833640732818,0.9489885458231263,0.07929274266662924
2018-01-14,0.01266865765164023,0.9610109568254873,0.07236307348987756
2018-01-21,-0.00046796445647591996,0.9605612378554091,0.08086617013541195
2018-01-28,0.006150716110716681,0.9664693773364162,0.07281501200929696
2018-02-04,-0.008094722174457407,0.9586460762367571,0.07076831031665105
2018-02-11,-0.04055334888404635,0.9197697674508057,0.025232013952604132
2018-02-18,0.018189147237492362,0.9364995951755626,0.042566149401928266
2018-02-25,0.009206564819457991,0.9451215394019425,0.052017669698062485
2018-03-04,-0.011500209403145448,0.934252443787397,0.03715713526534462
2018-03-11,0.0032611422649060588,0.9372991739179238,0.046649123098126744
2018-03-18,-0.0016352879310525524,0.9357664198910304,0.029070067052461637
2018-03-25,-0.02242758248896068,0.9147794413185248,0.014768191912288606
2018-04-01,0.005231114208518405,0.9195647570516667,0.0176601987054874
2018-04-08,-0.001794663978132614,0.9179144473066257,0.015878237422789883
2018-04-15,0.002103737197650539,0.9198454980736854,0.030632962301949965
2018-04-22,0.000565353823388415,0.9203655362429481,0.03978462142895744
2018-04-29,-0.006907241828144872,0.9140083489138279,0.03214097906426454
2018-05-06,-0.0009174999596783205,0.9131697462905538,0.04745442890067531
2018-05-13,-0.0011760156144690788,0.9120958444102553,0.04508318804838273
2018-05-20,-0.0009083777971102153,0.9112673167963565,0.04081498816643314
2018-05-27,-0.004784357298740153,0.9069074883581385,0.030538284000926487
2018-06-03,-0.00033552933107453345,0.9066031942952233,0.03209397051166153
2018-06-10,0.01748679670167076,0.9224567800429492,0.04730149255892091
2018-06-17,-0.0033692609091431815,0.9193487824735764,0.05077767875771995
2018-06-24,-0.020808028499312462,0.9002189468070579,0.019652618181865367
2018-07-01,-0.01647746671280264,0.8853856190768105,-0.007227823658568413
2018-07-08,-0.02957766383263808,0.8591979808735044,-0.03309164963468675
2018-07-15,0.0026057503043840436,0.8614368362736918,-0.027941857942455284
2018-07-22,-0.00615326849750899,0.8561361841264551,-0.03632653978633579
2018-07-29,0.014599854124380165,0.8686356475253048,-0.03647957007196416
2018-08-05,-0.02267364164409008,0.8489405141340339,-0.05924956799232499
2018-08-12,0.0068349345656617926,0.8547429669982793,-0.049772535947033146
2018-08-19,-0.0319877175525351,0.8274016903899225,-0.09349253293751075
2018-08-26,0.007921611976124555,0.833956045529581,-0.09665730207588372
2018-09-02,0.0025955614100523416,0.8361206296590374,-0.09879233985020294
2018-09-09,-0.012212047033235817,0.8259098852041825,-0.11065369365024416
2018-09-16,-0.0032401586531061685,0.8232338061429523,-0.1054430717504114
2018-09-23,0.015951188474896863,0.8363653637436452,-0.08544384069236387
2018-09-30,-0.005201592102077773,0.8320149322731448,-0.09333673287782385
2018-10-07,0.0013868970571273,0.8331688513342005,-0.091914131603857
2018-10-14,-0.012940001344611582,0.8223876452776474,-0.10625788931539998
2018-10-21,-0.0057259506108353776,0.8176786942378264,-0.10508807022679634
2018-10-28,0.011646819691347648,0.827202050555071,-0.09349599172142647
2018-11-04,0.0015782603015195482,0.8285075907127977,-0.09087161017008052
2018-11-11,-0.006623710550358311,0.8230197962431414,-0.096006296880081
2018-11-18,0.018963871697464572,0.8386274380635697,-0.07359959749952291
2018-11-25,-0.006640408269545983,0.8330586094887842,-0.09324723110289447
2018-12-02,0.0006313268933441396,0.8335845417926864,-0.08530326218452353
2018-12-09,-4.0795319374467456e-05,0.8335505354450783,-0.08315486099646335
2018-12-16,-0.0009451024697742041,0.8327627447753475,-0.09140488123653578
2018-12-23,-0.015192560263509248,0.8201109465901427,-0.11795710632395223
2018-12-30,-0.003912892772334988,0.8169019403947173,-0.1330209280298054
2019-01-06,-0.0032705364729193817,0.8142302328038578,-0.14891629814345758
2019-01-13,-0.0005709502083836623,0.8137653478827661,-0.16215590600348145
2019-01-20,0.0006471323819489526,0.8142919617906891,-0.1610408091650566
2019-01-27,-0.0005981770345621381,0.8138048710397173,-0.1677897023103354
2019-02-03,0.011493468176539522,0.8231583114269252,-0.14820151195933848
2019-02-10,-0.00020224664110755347,0.8229918304233393,-0.10785040971639967
2019-02-17,0.002937797462806398,0.8254096137346675,-0.12310175949108565
2019-02-24,0.020759079593007296,0.8425443576030188,-0.11154924471753636
2019-03-03,0.014733846612552032,0.8549582769322128,-0.08531518870183885
2019-03-10,-0.0067275470942266815,0.8492065048605525,-0.0953038780609716
2019-03-17,0.012906368687479863,0.860166677104089,-0.08076222144243918
2019-03-24,0.005960905167938442,0.8652940490949271,-0.05237373378554006
2019-03-31,0.005314873494266588,0.8698929775012083,-0.05228997449979188
2019-04-07,0.00738657152881346,0.8763185042019336,-0.043108738992845806
2019-04-14,-0.0034416551122300226,0.8733025181420052,-0.04865413130272637
2019-04-21,-0.0020400914824783654,0.8715209011131168,-0.05125957660859315
2019-04-28,-0.014135429287159046,0.8592015790431512,-0.05848776406760733
2019-05-05,-0.009475501179826469,0.851060213467219,-0.06704576528775548
2019-05-12,-0.031677809083476005,0.8241004905064622,-0.0975475587567624
2019-05-19,-0.0041300537658226204,0.8206969111722296,-0.1007692347254748
2019-05-26,-0.005560151811983904,0.8161337117544858,-0.10154502923871855
2019-06-02,-0.005456803450752827,0.8116802304999082,-0.10666630335839686
2019-06-09,-0.01670360849713168,0.7981222417047762,-0.14085670855719928
2019-06-16,0.00424257243113475,0.8015083331241084,-0.13324487521692135
2019-06-23,0.003675274179273139,0.8044540960053117,-0.10876157253833575
2019-06-30,-0.0009705602093049658,0.8036733248695166,-0.09325466603483808
2019-07-07,-0.0035037266422835497,0.8008574732294786,-0.06718072884448355
2019-07-14,-0.00673265334734394,0.7954655774815947,-0.07651913249621155
2019-07-21,0.012076847679446886,0.8050722940950832,-0.05828901631925566
2019-07-28,-0.007302354043688437,0.7991933711728365,-0.08019122448732426
2019-08-04,-0.021968532782986452,0.7816362653982806,-0.07948611562622063
2019-08-11,0.002413415055659807,0.7835226781292425,-0.08390763513622262
2019-08-18,0.0004311516184990615,0.7838604952000487,-0.051488765965188456
2019-08-25,-0.0012442295025493202,0.782885192846038,-0.060654607443862335
2019-09-01,-0.003818318012118332,0.7798958882127732,-0.067068486866033
2019-09-08,0.012648665642603418,0.7897605305388179,-0.04220777419019377
2019-09-15,0.00010902485040592807,0.7898466340625163,-0.03885859068668167
2019-09-22,-0.00605441433152934,0.7850645752815381,-0.060864193493107885
2019-09-29,-0.00881356601267983,0.7781453568230778,-0.06447616740370994
2019-10-06,0.0016112394070274259,0.7793991352863865,-0.06425182505380982
2019-10-13,0.003925004647933645,0.7824582805149809,-0.04738681906126457
2019-10-20,-0.002847911080021636,0.7802299089082476,-0.04450877953045083
2019-10-27,0.005740255459376458,0.7847086279024269,-0.05041534376242203
2019-11-03,-0.005393721958298563,0.7804761277452432,-0.05738732602224013
2019-11-10,0.004855654466647737,0.7842658501410414,-0.04590796100523409
2019-11-17,-0.010189220408629095,0.7762747925349934,-0.07506105311132776
2019-11-24,-0.0026893242993377853,0.7741871378724657,-0.07110996914111956
2019-12-01,0.003019553072850743,0.7765248370235901,-0.06872174296161294
2019-12-08,0.011286721469254747,0.7852892565730337,-0.057394226172983745
2019-12-15,0.020884725531397797,0.8016898071593169,-0.03556439817181174
2019-12-22,0.01054667576223367,0.8101449696173139,-0.009825162146068822
2019-12-29,0.002570383420139412,0.8122273528151275,-0.003341885953594425
2020-01-05,-0.001298304813214155,0.8111728341335435,-0.0013696542938891956
2020-01-12,0.014600967352439684,0.8230167422019132,0.01380226326693415
2020-01-19,0.006292450941698788,0.8281955346764156,0.019447581826683984
2020-01-26,-0.019336033357386186,0.8121815181914741,0.0007097255038599377
2020-02-02,-0.006921984502756545,0.8065596103091275,-0.017705727175436125
2020-02-09,-0.02811997223749023,0.7838791764593539,-0.045623452771818805
2020-02-16,0.016036287028591504,0.796449687928792,-0.0325249632060337
2020-02-23,0.001198840842657957,0.7974045043438033,-0.05208520195638303
2020-03-01,-0.020087708429518663,0.7813864751601601,-0.08690675699845372
2020-03-08,0.01531179840960388,0.7933509073478034,-0.06486741149462318
2020-03-15,-0.032674499526246195,0.7674285635015207,-0.11044827970834922
2020-03-22,-0.06602636102393446,0.7167580481076898,-0.18243554590022212
2020-03-29,0.0033287860298964636,0.7191439822850466,-0.18442163336459222
2020-04-05,0.0003971849560814515,0.7194296154560668,-0.19141101993732423
2020-04-12,0.013473594646495215,0.7291229184714058,-0.17449577017859902
2020-04-19,-0.011173712842046421,0.7209759083538515,-0.1836293915381671
2020-04-26,-0.006222021102585958,0.7164899810376177,-0.175715983353594
2020-05-03,0.012917595735246052,0.7257453089610159,-0.15332288643852146
2020-05-10,0.020003501307610198,0.7402627561978096,-0.10164157604743528
2020-05-17,-0.009424897391983352,0.7332858556775385,-0.10693641967359599
2020-05-24,-0.0015248842352594246,0.732167679636277,-0.10290115209687152
2020-05-31,0.0005749487242610834,0.7325886385096291,-0.09686939992185761
2020-06-07,0.016832873249682957,0.7449202102058194,-0.06333291817504297
2020-06-14,0.005626845640669477,0.7491117612432626,-0.06194864496550824
2020-06-21,0.00311096791996621,0.7514422239009597,-0.06251295122481518
2020-06-28,0.0015565051887553286,0.7526118476215115,-0.059985885826754876
2020-07-05,0.02336073917538741,0.770193416694104,-0.03312142000908391
2020-07-12,0.022855637922787976,0.7877966785565794,-0.003533128738952007
2020-07-19,-0.0035401199873526436,0.7850077837888513,-0.019150096405751535
2020-07-26,0.004167265149179744,0.7882791193680694,-0.007680477212883353
2020-08-02,0.012105315433806049,0.7978214867579027,0.026393371003909153
2020-08-09,0.0031474824353888084,0.8003326158740489,0.027127438383638153
2020-08-16,0.0060034401293516644,0.8051373648170161,0.03269972689449076
2020-08-23,0.009491315288270585,0.8127791773968617,0.04343527168531065
2020-08-30,0.005586263462182717,0.8173195760183768,0.052839853159611705
2020-09-06,0.005339621225467192,0.8216837529744744,0.045530808742475476
2020-09-13,-4.3501263011900496e-05,0.8216480086934237,0.04537828262905766
2020-09-20,0.014377090137372078,0.8334609161756014,0.06580978709795907
2020-09-27,-0.024843573155664878,0.8127547689322053,0.04977977995497403
2020-10-04,0.0008209914399734291,0.8134220336402963,0.04898953198792003
2020-10-11,0.015143877076270854,0.8257403969288752,0.060208404416257244
2020-10-18,0.001648352199914957,0.8271015079287115,0.06470466769619383
2020-10-25,0.004871722739552706,0.8311309171528062,0.06383613497637008
2020-11-01,-0.015954138270145565,0.8178709395799574,0.053275718664523075
2020-11-08,0.014556566237186673,0.8297763320854231,0.06297663043506202
2020-11-15,0.0011749771927692823,0.8307513003507233,0.07434082803646039
2020-11-22,0.024996604058507645,0.8515172616766807,0.10202675639430582
2020-11-29,0.014375499819235815,0.86375824791799,0.11338270314069089
2020-12-06,0.0036276382426326252,0.8668916503705266,0.10572361991406878
2020-12-13,0.01716231147144881,0.8817695148861838,0.10200120585411977
2020-12-20,0.012854479062740707,0.8931042026534514,0.10430900915462682
2020-12-27,-0.008539400456280469,0.8854776282178065,0.09319922527820694
2021-01-03,0.00029345782642314694,0.8857374785579296,0.09479098791784424
2021-01-10,0.015161445047256283,0.8991665386653811,0.09535146561266084
2021-01-17,0.008865376066667712,0.9071379881772136,0.09792439073762976
2021-01-24,0.0008070747306315,0.9078701163246673,0.11806749882564743
2021-01-31,-0.011327698904766915,0.8975860370023058,0.11366178442363709
2021-02-07,0.003889935353003268,0.9010775886600032,0.14567169201413058
2021-02-14,0.021987586151181654,0.920890109769564,0.15162299113672073
2021-02-21,0.03233717145246899,0.9506690911380653,0.18276132174653176
2021-02-28,0.02089136661677029,0.9705298676522625,0.22374039679282073
2021-03-07,-0.004791216515270873,0.9658798489218032,0.20363738186794594
2021-03-14,0.008579007038505546,0.9741661389440539,0.24489088843269768
2021-03-21,-0.0022387395301056985,0.9719852346999094,0.30867850992652646
2021-03-28,0.0006524034089439592,0.9726193611804708,0.3060021273055739
2021-04-04,-0.0019820930759698895,0.9706915390791208,0.3036228492735226
2021-04-11,-0.0020088882456201704,0.9687415282561418,0.2881403663814072
2021-04-18,0.011461952482497017,0.9798451976208352,0.31077603170595064
2021-04-25,0.004463516752289539,0.9842187530750662,0.32146156956082617
2021-05-02,0.015364392292436831,0.9993406760988847,0.32390836611801693
2021-05-09,0.017526247907225567,1.0168553685319681,0.32143111271763236
2021-05-16,-0.007323787476842797,1.0094081359181533,0.3235322226327728
2021-05-23,-0.007131692335562098,1.0022093476517717,0.3179254145324702
2021-05-30,0.02455817641254486,1.0268217816137055,0.34190864222075396
2021-06-06,-0.010065201345312738,1.016486613636011,0.3150105676257583
2021-06-13,0.00746537481297315,1.0240750671991736,0.31684909679806195
2021-06-20,-0.028620218544986115,0.9947658149694619,0.2851179103331096
2021-06-27,0.010894653000635598,1.0056034433404486,0.2944560581449899
2021-07-04,-0.004106292485439169,1.001474141477728,0.26698902648416334
2021-07-11,0.003102956457284826,1.0045816721318301,0.24723634501866015
2021-07-18,0.003305001419663189,1.0079018159843935,0.25408146642567603
2021-07-25,0.00053682390147182,1.0084428817695508,0.2504510251779681
2021-08-01,-0.0031872508160278243,1.0052287213717133,0.2351584589281342
2021-08-08,-0.004551688717408887,1.0006532331422302,0.2274592877753365
2021-08-15,0.01036907554473601,1.0110290821107664,0.2318249231907208
2021-08-22,-0.017000950138156626,0.9938406270975749,0.2053326577642936
2021-08-29,0.010257796318831685,1.004035241823722,0.21000419062094258
2021-09-05,0.003729621488081567,1.007779913236419,0.20839419088355696
2021-09-12,0.007068763385330186,1.0149036709875756,0.21550645553189907
2021-09-19,-0.011191880461909087,1.00354499042153,0.18993748493261792
2021-09-26,0.012585071787608502,1.0161746761680799,0.2273661298758913
2021-10-03,-0.004990622699401143,1.011103331762639,0.2215545157365167
2021-10-10,0.012496380192911178,1.023738463410664,0.218907018853157
2021-10-17,0.028803095497913656,1.053225300137169,0.24606176215115572
2021-10-24,-0.006657903987429202,1.0462130272117245,0.23453213542417384
2021-10-31,-0.01882299383739835,1.0265201658479124,0.23166327985692103
2021-11-07,-0.0072418690768323805,1.0190862412021136,0.209864844542902
2021-11-14,0.018243722235805497,1.037678167520936,0.22693358958593818
2021-11-21,0.00026326293308344384,1.0379513497189141,0.202200248460514
2021-11-28,-0.004052275694241101,1.0337452846926434,0.18377247294703705
2021-12-05,-0.01003521827580668,1.0233714251191668,0.17010961642859773
2021-12-12,0.0053122042972090396,1.0288077832013258,0.158259509254358
2021-12-19,-0.0013139342669104437,1.0274559974009134,0.14409109592470684
2021-12-26,0.00893619409816699,1.0366375436210138,0.1615666904791543
2022-01-02,0.005891232592899117,1.0427446165050167,0.16716446524563025
2022-01-09,0.008260698098356873,1.0513584149756516,0.16026371829673086
2022-01-16,-0.015059321539205282,1.035525670551584,0.13633902069085785
2022-01-23,0.012604800242046311,1.0485782647743978,0.14813674620227268
2022-01-30,-0.014087473245845833,1.033806446523213,0.14537697186119378
2022-02-06,0.005309349858439817,1.0392952866337153,0.1467963863666303
2022-02-13,0.010812746070274305,1.0505329226601186,0.13562154628572295
2022-02-20,0.00526610135976925,1.0560651355126214,0.10855047619302322
2022-02-27,-0.011439140222502725,1.0439846583433963,0.07621996935375021
2022-03-06,0.021949219322964113,1.0668993065791852,0.1029604051919852
2022-03-13,-0.005566213885635026,1.0609607168443298,0.08881518426784463
2022-03-20,0.006104292755080442,1.0674371316615876,0.09715821655303077
2022-03-27,0.015131262665772815,1.0835888032799583,0.11163707580985963
2022-04-03,0.021189880599757637,1.106549920640695,0.13480904948558714
2022-04-10,0.0016078716039178776,1.1083291108364108,0.1384258093351252
2022-04-17,-7.119795473781512e-05,1.1082502000705428,0.12689265889789036
2022-04-24,-0.017308628684849503,1.0890679088676116,0.10512051346075132
2022-05-01,-0.005316703021841562,1.0832776582255446,0.08443941814647293
2022-05-08,-0.029010404544128506,1.0518513351268053,0.03790276569511885
2022-05-15,-0.009089400426616337,1.0422906371525666,0.03613715274534532
2022-05-22,0.009625435279773512,1.0523231382231926,0.05289428036068092
2022-05-29,-0.006888298229921911,1.0450744226128639,0.02144780571821416
2022-06-05,0.0005725215994713782,1.0456727502928649,0.032085528662998276
2022-06-12,-0.0026643830643652594,1.0428866775261163,0.021955770785659863
2022-06-19,-0.02404302661606243,1.017812525380819,0.02653296271458355
2022-06-26,-0.04101165013219488,0.9760703541897351,-0.025373340418246924
2022-07-03,-0.00408663804882594,0.9720815079419723,-0.025353685981633692
2022-07-10,-0.026837590640605754,0.9459931823625229,-0.055294233079524274
2022-07-17,-0.044233215440428963,0.9041488621219044,-0.1028324499396164
2022-07-24,0.023016497830384806,0.9249592024452781,-0.08035277601070343
2022-07-31,0.027015038673275992,0.9499470110705397,-0.05015048652139961
2022-08-07,-0.0069074990053967795,0.9433852530363903,-0.05250629680938751
2022-08-14,0.017886280103859745,0.9602589059180497,-0.04498909225026377
2022-08-21,0.00039458467184998007,0.9606378093633325,-0.027593557440257162
2022-08-28,0.005354778662033801,0.9657818122068542,-0.032496575097055044
2022-09-04,-0.03609506333347943,0.9309218565289252,-0.07232125991861604
2022-09-11,0.024744443928776845,0.9539570002098782,-0.05464557937516938
2022-09-18,-0.018243787042594127,0.9365532118502573,-0.06169748595585443
2022-09-25,-0.015517741875651322,0.9220200208559528,-0.08980029961911423
2022-10-02,-0.007535448661414143,0.9150721863239968,-0.09234512558112726
2022-10-09,-0.004877434643392729,0.910608981541215,-0.10971894041743116
2022-10-16,0.004842003696825421,0.9150181535962001,-0.13368003221851937
2022-10-23,-0.011689110339465196,0.9043224054362005,-0.13871123857055537
2022-10-30,-0.01697056404991282,0.8889755441329742,-0.13685880878306986
2022-11-06,0.01825330070451721,0.9052022820589951,-0.11136363900172025
2022-11-13,0.0379915565585696,0.9395923257547857,-0.09161580467895614
2022-11-20,-0.009686017348222753,0.9304914181872679,-0.10156508496026234
2022-11-27,0.0028020675862873243,0.9330987180294891,-0.09471074167973392
2022-12-04,0.017934617111261753,0.9498334862643572,-0.06674090629266548
2022-12-11,0.009149925931105477,0.9585243923105596,-0.06290318465876904
2022-12-18,-0.01504891062026556,0.9440996444033336,-0.07663816101212415
2022-12-25,-0.007146163985950346,0.93735295352535,-0.09272051909624149
2023-01-01,-0.0024774689235327095,0.9350306907126092,-0.10108922061267332
2023-01-08,-0.004259176119576531,0.931048230323655,-0.11360909483060673
2023-01-15,0.026538238914248946,0.9557566107006729,-0.0720115343771525
2023-01-22,0.012710996617282803,0.9679052297462347,-0.07190533800191601
2023-01-29,0.0016377946973668716,0.9694904597990668,-0.056180070058703305
2023-02-05,-0.017022740740768694,0.9529870750512587,-0.07851216065791182
2023-02-12,-0.00605825420634801,0.9472136370952341,-0.09538316093453411
2023-02-19,-0.011256602517221196,0.9365512296835616,-0.11190586481152456
2023-02-26,0.003675848854457784,0.9399938504483349,-0.09679087573456406
2023-03-05,0.0018276846947494173,0.9417118628219578,-0.11691241036277876
2023-03-12,-0.016935180171752124,0.9257638027551917,-0.12828137664889586
2023-03-19,-0.010874940423638567,0.9156961765538678,-0.14526060982761488
2023-03-26,0.014690447045267988,0.9291481627450868,-0.14570142544811968
2023-04-02,-0.003549537282667126,0.9258501167003015,-0.17044084333054446
2023-04-09,0.005123036464506814,0.930593280608825,-0.1669256784699555
2023-04-16,0.0027989230904422583,0.9331979396297313,-0.16405555742477546
2023-04-23,-0.011751422264058953,0.9222315365851926,-0.1584983510039849
2023-04-30,-0.007247724668178652,0.9155474563277118,-0.16042937265032198
2023-05-07,0.0023058594732234135,0.9176585801030708,-0.12911310863297007
2023-05-14,-0.02287113314247845,0.8966706885381958,-0.14289484134883218
2023-05-21,0.0010213452478263253,0.8975864988847994,-0.15149893138077936
2023-05-28,-0.015051599634831039,0.8840763862659556,-0.1596622327856885
