,多元回归系数归一,,,收益率波动率倒数,,
index,Liquidity_mom_pct,Liquidity_net_pct,Liquidity_yoy,Liquidity_mom_pct,Liquidity_net_pct,Liquidity_yoy
2007/10/28,-0.084859847,0.915140153,0.392518977,-0.271592092,0.529300567,-0.21168799
2007/11/4,0.015630906,0.929444623,0.405148349,-0.001428571,0.528544423,-0.198252146
2007/11/11,-0.049157891,0.883755085,0.387615516,0.077968526,0.569754253,-0.137871944
2007/11/18,0.003913025,0.887213241,0.394445077,0.01791639,0.579962193,-0.109257894
2007/11/25,0.000441525,0.887604967,0.378979026,0.123859192,0.651795841,-0.058055918
2007/12/2,-0.008626253,0.879948262,0.316181147,0.02900232,0.670699433,-0.067930594
2007/12/9,0.053411248,0.926947397,0.388358382,0.00789177,0.675992439,-0.038348338
2007/12/16,0.02477885,0.949916087,0.338604848,0.171700224,0.792060491,-0.004111374
2007/12/23,0.036682634,0.984761511,0.353061957,0.072553699,0.84952741,0.004029599
2007/12/30,0.063655005,1.04744651,0.406301462,0.132621273,0.962192817,0.089622891
2008/1/6,0.059339142,1.109601087,0.467643428,0.124165029,1.081663516,0.154832093
2008/1/13,0.021937475,1.133942933,0.43353539,-0.033205173,1.045746692,0.114139674
2008/1/20,0.000822387,1.134875473,0.322559263,0.14461316,1.196975425,0.099493085
2008/1/27,-0.060413111,1.066314115,0.246192381,-0.03916614,1.150094518,0.115837525
2008/2/3,-0.123647161,0.934467402,0.153272807,-0.15581854,0.970888469,0.020890369
2008/2/10,0.084748061,1.013661702,0.18748847,0.135514019,1.102457467,0.041843003
2008/2/17,-0.001695791,1.011942744,0.103742673,0.045953361,1.153119093,0.051802767
2008/2/24,0.00379927,1.015787387,0.107541943,0.083934426,1.249905482,0.07866857
2008/3/2,-0.003843605,1.011883102,0.128010053,-0.015124017,1.23100189,0.060937693
2008/3/9,-0.005728399,1.006086632,0.077060475,0.027641278,1.265028355,0.051965192
2008/3/16,-0.091375697,0.914154765,-0.038544699,-0.055588763,1.194706994,0.00822296
2008/3/23,-0.050211882,0.868253334,-0.1537523,-0.09556962,1.080529301,-0.05374116
2008/3/30,-0.026620143,0.845140306,-0.194154758,-0.027991603,1.050283554,-0.059511566
2008/4/6,-0.124343665,0.740052463,-0.38690963,-0.258819294,0.778449905,-0.186792899
2008/4/13,0.059806825,0.784312651,-0.379100483,0.152501214,0.897164461,-0.153243975
2008/4/20,-0.149357936,0.667169332,-0.590145584,-0.143699958,0.768241966,-0.237305592
2008/4/27,0.115970934,0.744541583,-0.519446872,-0.000984252,0.767485822,-0.239640183
2008/5/4,0.037943349,0.772791984,-0.487690615,0.033004926,0.792816635,-0.223818119
2008/5/11,-0.117198089,0.68222224,-0.558914494,-0.091082499,0.720604915,-0.255570536
2008/5/18,0.011279548,0.689917399,-0.573183867,0.033578174,0.744801512,-0.264583401
2008/5/25,-0.063788873,0.645908345,-0.702110939,-0.042639594,0.713043478,-0.304580806
2008/6/1,-0.0134997,0.637188777,-0.607320996,-0.031813362,0.690359168,-0.249167532
2008/6/8,-0.012675508,0.629112085,-0.62067181,0.026834611,0.708884688,-0.240427007
2008/6/15,-0.156976509,0.530356266,-0.860224777,-0.137066667,0.611720227,-0.333092238
2008/6/22,-0.051990037,0.502783025,-0.878287638,-0.092088999,0.555387524,-0.339605124
2008/6/29,-0.015745914,0.494866247,-0.786723075,0.006126617,0.55879017,-0.274642047
2008/7/6,0.010827676,0.500224498,-0.708241156,0.072395129,0.599243856,-0.147337666
2008/7/13,0.056606784,0.528540598,-0.677215547,0.017665615,0.609829868,-0.143924788
2008/7/20,-0.034890076,0.510099777,-0.75058425,-0.024798512,0.594706994,-0.163510698
2008/7/27,0.052085842,0.536668753,-0.786407154,0.068022886,0.635160681,-0.17652576
2008/8/3,-0.028818457,0.521202788,-0.872742033,-0.020833333,0.621928166,-0.198060972
2008/8/10,-0.0917802,0.473366692,-0.954544571,-0.109422492,0.553875236,-0.190062886
2008/8/17,-0.078029619,0.436430069,-1.029761206,-0.109215017,0.493383743,-0.242966291
2008/8/24,-0.041365278,0.418377018,-1.136549782,-0.03908046,0.474102079,-0.229717323
2008/8/31,-0.026682564,0.407213646,-1.17749868,-0.092503987,0.430245747,-0.266183877
2008/9/7,0.353661699,0.551229516,-0.451759775,2.143233743,1.352362949,0.150994688
2008/9/14,-0.131395236,0.478800584,-0.577816959,-0.196533408,1.08657845,0.100174072
2008/9/21,-0.089341865,0.436023647,-0.666910922,-0.134655532,0.94026465,0.061982313
2008/9/28,0.022795503,0.445963025,-0.667607114,-0.04624045,0.896786389,0.036183637
2008/10/5,0,0.445963025,-0.667607114,0,0.896786389,0.036183637
2008/10/12,-0.143096758,0.382147162,-0.794733333,-0.118043845,0.790926276,0.054585634
2008/10/19,-0.044734468,0.365052012,-0.831752843,-0.075047801,0.731568998,0.002247005
2008/10/26,0.00329502,0.366254866,-0.743597976,0.056330749,0.772778828,0.126145479
2008/11/2,-0.066114566,0.342040084,-0.825343449,-0.062622309,0.724385633,0.105065679
2008/11/9,0.014775159,0.347093781,-0.761410398,0.010438413,0.73194707,0.083501023
2008/11/16,0.148623674,0.398680134,-0.616699749,0.164772727,0.852551985,0.128423757
2008/11/23,0.021573306,0.407280983,-0.595567967,0.062971175,0.906238185,0.109856928
2008/11/30,-0.288882741,0.289624536,-0.875824455,-0.409678765,0.534971645,-0.075369118
2008/12/7,0.124761673,0.325758578,-0.80447403,0.202826855,0.643478261,-0.016431216
2008/12/14,-0.028201447,0.316571715,-0.857454326,-0.025264395,0.627221172,-0.077779514
2008/12/21,0.08511318,0.34351614,-0.80902378,0.153707052,0.72362949,-0.0534669
2008/12/28,-0.06595222,0.320860488,-0.938631005,-0.018808777,0.710018904,-0.101307756
2009/1/4,0.013767025,0.325277782,-0.984203122,0.066027689,0.756899811,-0.119008178
2009/1/11,0.063987103,0.346091365,-0.942153494,0.056443556,0.799621928,-0.08944914
2009/1/18,0.009035105,0.349218337,-0.933940777,-0.028841608,0.776559546,-0.144226617
2009/1/25,0.018502853,0.355679872,-0.855024812,0.012658228,0.786389414,-0.126715767
2009/2/1,0,0.355679872,-0.731377651,0,0.786389414,-0.070253164
2009/2/8,0.08736667,0.386754438,-0.728759042,0.075480769,0.845746692,-0.088359044
2009/2/15,0.081598185,0.418312899,-0.645465066,0.103263299,0.933081285,-0.070577828
2009/2/22,-0.016782972,0.411292365,-0.666047308,-0.004051864,0.929300567,-0.098796996
2009/3/1,-0.131648885,0.357146184,-0.793852588,-0.172091131,0.769376181,-0.156667876
2009/3/8,0.074188999,0.383642502,-0.71393519,0.112039312,0.85557656,-0.130358079
2009/3/15,-0.016981746,0.377127582,-0.639541239,0.007954043,0.862381853,-0.108652695
2009/3/22,0.062394262,0.400658179,-0.526935096,0.057430951,0.911909263,-0.056555267
2009/3/29,0.038896473,0.416242369,-0.46141848,0.024875622,0.934593573,-0.038901235
2009/4/5,0.054040741,0.438736415,-0.283034075,0.084951456,1.013988658,0.088114119
2009/4/12,0.033406264,0.453392959,-0.309434636,0.073079791,1.088090737,0.064313544
2009/4/19,0.034102271,0.468854689,-0.125974428,0.046212648,1.138374291,0.131083907
2009/4/26,-0.027747624,0.455845085,-0.269692987,-0.032879442,1.10094518,0.120268112
2009/5/3,0.00485252,0.458057083,-0.302783816,-0.017513736,1.081663516,0.103554487
2009/5/10,0.123838303,0.514782095,-0.061747424,-0.205522545,0.859357278,0.058697913
2009/5/17,0.005303818,0.517512405,-0.067723154,0.018477783,0.875236295,0.053792048
2009/5/24,-0.027857054,0.503096034,-0.031791335,0.036717063,0.907372401,0.080336851
2009/5/31,0.011765396,0.509015158,-0.00652624,0.014583333,0.920604915,0.095939658
2009/6/7,0.041718597,0.530250556,0.047867865,0.01026694,0.930056711,0.090517564
2009/6/14,-0.018508508,0.52043641,0.186335867,-0.035365854,0.897164461,0.12765472
2009/6/21,0.026827251,0.534398288,0.265153155,-0.032869785,0.867674858,0.148716982
2009/6/28,0.015650435,0.542761853,0.296549503,0.019607843,0.884688091,0.153153702
2009/7/5,0.06889094,0.580153228,0.354612767,0.124786325,0.995085066,0.169053202
2009/7/12,0.030466309,0.597828355,0.328472291,0.136398176,1.130812854,0.205837327
2009/7/19,0.03980809,0.62162676,0.403170457,0.063189569,1.202268431,0.234632191
2009/7/26,0.012637794,0.629482751,0.363722409,-0.026415094,1.170510397,0.203772387
2009/8/2,0.015770144,0.639409785,0.40831101,-0.007105943,1.162192817,0.208413087
2009/8/9,-0.019773837,0.6267662,0.480317373,0.034482759,1.202268431,0.258341985
2009/8/16,-0.067616257,0.584386615,0.490730735,-0.077672956,1.108884688,0.269940916
2009/8/23,-0.031469056,0.56599652,0.500626957,-0.030003409,1.075614367,0.273074875
2009/8/30,0.012250338,0.572930169,0.539559859,0.112126538,1.196219282,0.340854905
2009/9/6,-0.009460047,0.567510223,0.176438113,0.103034134,1.319470699,-0.008207575
2009/9/13,0.048885418,0.595253198,0.356718767,0.053868195,1.390548204,0.082221446
2009/9/20,0.026080723,0.610777831,0.472141356,0.076128331,1.496408318,0.154887227
2009/9/27,-0.049465389,0.580565468,0.399880464,-0.058362809,1.409073724,0.15062338
2009/10/4,-0.02674918,0.565035818,0.373131284,-0.048027904,1.341398866,0.134216861
2009/10/11,0.050815329,0.593748299,0.567043371,0.059188275,1.420793951,0.195255452
2009/10/18,0.020398341,0.605859779,0.63217618,0.075039915,1.527410208,0.245379122
2009/10/25,0.047924991,0.634895604,0.67680615,0.051732673,1.606427221,0.243924996
2009/11/1,-0.057025643,0.598690274,0.685895074,0.027065192,1.649905482,0.274383129
2009/11/8,0.06394193,0.636971685,0.735061845,0.077451879,1.777693762,0.295787987
2009/11/15,0.02265949,0.651405139,0.609097661,0.036792854,1.843100189,0.256990044
2009/11/22,0.047647892,0.682443221,0.635172247,0.064,1.961058601,0.257312513
2009/11/29,-0.053149139,0.646171951,0.870905849,-0.045305572,1.87221172,0.417554001
2009/12/6,0.067824126,0.689997999,0.813968302,0.067447496,1.998487713,0.377752595
2009/12/13,0.006043,0.694167657,0.848212749,0.026485055,2.051417769,0.394995734
2009/12/20,-0.059560423,0.652822738,0.703539145,-0.080353852,1.88657845,0.319413539
2009/12/27,0.039376988,0.678528931,0.808868353,0.066733467,2.012476371,0.347276558
2010/1/3,0.034892447,0.702204465,0.829993775,0.028367462,2.069565217,0.335287643
2010/1/10,-0.061984263,0.658678839,0.704022409,-0.091158202,1.880907372,0.285123519
2010/1/17,0.053214194,0.693729902,0.748201498,0.099095477,2.067296786,0.326374602
2010/1/24,-0.064616607,0.64890343,0.665082039,-0.095647403,1.869565217,0.28866969
2010/1/31,-0.039019645,0.623583449,0.626062394,-0.030131446,1.813232514,0.278471448
2010/2/7,-0.028612647,0.605741076,0.510083077,-0.042535446,1.73610586,0.239726659
2010/2/14,0.03619868,0.627668103,0.464683572,0.047038328,1.817769376,0.22229103
2010/2/21,0,0.627668103,0.481466544,0,1.817769376,0.223644395
2010/2/28,0.036468482,0.650558206,0.64958391,0.070923461,1.946691871,0.309435567
2010/3/7,-0.003404734,0.648343228,0.571990177,-0.003884249,1.939130435,0.272739781
2010/3/14,-0.003675973,0.645959936,0.585295951,-0.004874244,1.929678639,0.268470201
2010/3/21,0.02947761,0.665001291,0.552379299,0.04153605,2.009829868,0.263421621
2010/3/28,0.025866718,0.682202691,0.539349544,0.052859293,2.116068053,0.272401067
2010/4/4,0.034398925,0.705669731,0.519707728,0.038234769,2.196975425,0.257729963
2010/4/11,0.037764449,0.732318959,0.524065913,0.08604371,2.386011342,0.261732845
2010/4/18,-0.02137039,0.716669017,0.468593252,-0.030581524,2.313043478,0.236320999
2010/4/25,-0.004965834,0.713110158,0.491375042,0.045930042,2.419281664,0.262433866
2010/5/2,-0.097256559,0.643755518,0.389265963,-0.146897953,2.06389414,0.215364803
2010/5/9,-0.183460621,0.525651731,0.081967039,-0.217255908,1.615500945,0.210405204
2010/5/16,-0.028584679,0.510626145,0.048078543,-0.071378423,1.500189036,0.179617501
2010/5/23,-0.022588757,0.499091735,0.053346839,-0.006552419,1.490359168,0.16540649
2010/5/30,0.052664104,0.525375954,0.094245547,0.093860984,1.630245747,0.190485026
2010/6/6,-0.015009867,0.517490131,0.037517084,0.00974026,1.646124764,0.190311204
2010/6/13,0.041815256,0.539129113,0.097840847,0.082452917,1.781852552,0.228723223
2010/6/20,-0.051606236,0.511306689,0.019407359,-0.082537662,1.634782609,0.211149352
2010/6/27,0.015679972,0.519323963,0.019436897,0.011563367,1.6536862,0.208508998
2010/7/4,-0.259410086,0.384606089,-0.308864129,-0.384545039,1.017769376,0.007513466
2010/7/11,0.056121389,0.406190717,-0.283209049,0.078751857,1.097920605,-0.009839561
2010/7/18,-0.011455826,0.401537467,-0.334472965,-0.002410468,1.095274102,-0.031068493
2010/7/25,0.067785181,0.428755757,-0.279325578,0.076630998,1.179206049,0.002467161
2010/8/1,0.038440026,0.445237139,-0.256655696,0.060596345,1.250661626,0.024454711
2010/8/8,0.026954351,0.457238218,-0.209927507,0.056831923,1.32173913,0.03157942
2010/8/15,-0.009243766,0.453011615,-0.151555017,0.004004577,1.327032136,0.059863416
2010/8/22,0.012765219,0.458794407,-0.107320742,0.006552707,1.335727788,0.072194767
2010/8/29,0.004777441,0.46098627,-0.114793638,0.027738466,1.372778828,0.045890348
2010/9/5,-0.136224591,0.398188604,-0.241558182,-0.019003029,1.346691871,0.006806816
2010/9/12,0.004141101,0.399837543,-0.2863025,0.00729927,1.356521739,-0.008258061
2010/9/19,-0.02368232,0.390368463,-0.336065543,-0.024247492,1.32362949,-0.040896735
2010/9/26,-0.010312035,0.38634297,-0.29691219,-0.018280491,1.299432892,-0.027001541
2010/10/3,0.022149483,0.394900266,-0.248013527,0.020366599,1.325897921,-0.003874364
2010/10/10,0.025325189,0.40490119,-0.273503667,0.018819504,1.350850662,-0.016827107
2010/10/17,0.022883976,0.41416694,-0.271018031,-0.052336972,1.280151229,-0.058865136
2010/10/24,0.027618226,0.425605496,-0.291324796,0.049616066,1.343667297,-0.059536644
2010/10/31,0.026717467,0.436976597,-0.207581686,0.057962859,1.421550095,-0.049656704
2010/11/7,0.051563468,0.459508626,-0.219960148,0.057978723,1.503969754,-0.055736257
2010/11/14,-0.047726856,0.437577723,-0.290346494,-0.057817999,1.417013233,-0.08763258
2010/11/21,-0.014008924,0.43144773,-0.352003311,0.007470651,1.427599244,-0.105830082
2010/11/28,0.020322502,0.440215828,-0.278531669,0.055349576,1.506616257,-0.072418074
2010/12/5,-0.014872439,0.433668745,-0.361228235,-0.027603513,1.465028355,-0.103505384
2010/12/12,-0.007552856,0.430393307,-0.374824091,-0.017032258,1.440075614,-0.117945176
2010/12/19,0.037830813,0.446675436,-0.277432854,0.057757942,1.523251418,-0.071305901
2010/12/26,-0.035779859,0.430693452,-0.352589701,-0.053859518,1.44120983,-0.111294356
2011/1/2,-0.010582466,0.426135653,-0.398064614,-0.019150052,1.413610586,-0.127063805
2011/1/9,0.046960108,0.446147029,-0.289120243,-0.17304092,1.16899811,-0.158535747
2011/1/16,-0.036442819,0.429888174,-0.378777256,-0.054010349,1.105860113,-0.208539479
2011/1/23,-0.039511195,0.412902778,-0.353671844,-0.044102564,1.057088847,-0.19006238
2011/1/30,0.009487501,0.416820194,-0.305164698,-0.003218884,1.0536862,-0.18093883
2011/2/6,0.016356889,0.423638076,-0.260195162,0.023322569,1.07826087,-0.158765052
2011/2/13,0.022587944,0.433207189,-0.273805898,0.038218794,1.119470699,-0.161584716
2011/2/20,0.032069968,0.447100129,-0.24173593,0.039175954,1.163327032,-0.148775367
2011/2/27,0.006568403,0.450036863,-0.271636009,0.023074423,1.190170132,-0.16401173
2011/3/6,0.013054713,0.455911965,-0.255176562,-0.002223634,1.187523629,-0.163456496
2011/3/13,0.001192023,0.456455423,-0.250308566,0.021649156,1.213232514,-0.154688395
2011/3/20,-0.019147192,0.447715583,-0.298933368,-0.020878778,1.187901701,-0.1752872
2011/3/27,0.009005236,0.451747368,-0.315794849,-0.005092298,1.181852552,-0.194158836
2011/4/3,-0.038235169,0.434474731,-0.388428943,-0.038387716,1.136483932,-0.219714127
2011/4/10,0.01227038,0.439805901,-0.413923012,0.000332668,1.136862004,-0.24711708
2011/4/17,0.000757146,0.440138898,-0.391795476,0.015962754,1.155009452,-0.231485218
2011/4/24,-0.009300313,0.436045469,-0.396129955,0.009165303,1.165595463,-0.24341286
2011/5/1,-0.065184345,0.40762213,-0.364057741,-0.089198832,1.061625709,-0.221597712
2011/5/8,-0.058324994,0.383847572,-0.238922114,-0.011039886,1.049905482,-0.143648316
2011/5/15,0.015249263,0.389700965,-0.195088172,0.020525747,1.071455577,-0.112191016
2011/5/22,-0.00792514,0.38661253,-0.180424555,-0.014467184,1.055954631,-0.114857307
2011/5/29,-0.083085447,0.354490655,-0.316174106,-0.1188686,0.930434783,-0.186944687
2011/6/5,0.012015631,0.358750084,-0.289148608,0.025193011,0.953875236,-0.181882098
2011/6/12,-0.003189749,0.357605761,-0.334153613,-0.003963535,0.950094518,-0.209615796
2011/6/19,-0.029537493,0.347042984,-0.31208487,-0.037405491,0.914555766,-0.193608889
2011/6/26,0.042729681,0.361872019,-0.285035161,0.040512609,0.951606805,-0.184203402
2011/7/3,-0.002535964,0.360954325,-0.02816104,-0.020262217,0.932325142,-0.029229002
2011/7/10,0.028937549,0.371399458,-0.05534488,0.040145985,0.969754253,-0.041376873
2011/7/17,0.023098898,0.379978376,-0.020790156,0.049902534,1.018147448,-0.024339968
2011/7/24,-0.015887216,0.373941578,-0.104462553,-0.011882659,1.006049149,-0.052936815
2011/7/31,-0.032073061,0.361948127,-0.17497564,-0.033070274,0.972778828,-0.083757081
2011/8/7,-0.01720265,0.35572166,-0.219132642,-0.013602798,0.959546314,-0.106747696
2011/8/14,-0.011233815,0.351725549,-0.22112269,-0.016154452,0.944045369,-0.113508675
2011/8/21,-0.023632679,0.343413331,-0.257520589,-0.017220665,0.92778828,-0.121476007
2011/8/28,0.032012586,0.35440688,-0.230285444,0.030969845,0.956521739,-0.120429597
2011/9/4,-0.093703668,0.321197656,-0.187764521,-0.077865613,0.882041588,-0.141055731
2011/9/11,-0.021574612,0.314267941,-0.213480234,-0.025289327,0.85973535,-0.152018183
2011/9/18,-0.003090076,0.313296829,-0.192887991,0.001319261,0.860869565,-0.143396618
2011/9/25,-0.022431142,0.306269223,-0.205007098,-0.02020202,0.843478261,-0.144049694
2011/10/2,-0.058692512,0.288293513,-0.285849093,-0.089197669,0.768241966,-0.18191348
2011/10/9,0,0.288293513,-0.311174282,0,0.768241966,-0.18812835
2011/10/16,0.03638315,0.298782539,-0.297675108,0.045275591,0.803024575,-0.155449393
2011/10/23,-0.075689507,0.276167836,-0.400982842,-0.097457627,0.724763705,-0.205770755
2011/10/30,0.071485032,0.295909702,-0.356215277,0.0657277,0.772400756,-0.203333214
2011/11/6,0.01800382,0.301237207,-0.389774925,0.071463534,0.827599244,-0.199111454
2011/11/13,-0.017997141,0.295815799,-0.36004521,-0.006852444,0.821928166,-0.181551192
2011/11/20,-0.024397776,0.288598551,-0.370434061,-0.013339466,0.810964083,-0.188508565
2011/11/27,-0.011604774,0.28524943,-0.402361338,-0.008857809,0.803780718,-0.209431677
2011/12/4,-0.019735726,0.279619826,-0.407224625,-0.039981185,0.771644612,-0.213701926
2011/12/11,-0.036368976,0.269450339,-0.436040745,-0.056344929,0.728166352,-0.227307125
2011/12/18,-0.064220036,0.252146228,-0.538091595,-0.087746625,0.664272212,-0.276636799
2011/12/25,-0.029603146,0.244681907,-0.531914881,-0.054638589,0.627977316,-0.276911385
2012/1/1,-0.017847055,0.240315055,-0.539179469,-0.040337146,0.602646503,-0.284190539
2012/1/8,-0.067278642,0.224146985,-0.653418219,-0.133626098,0.522117202,-0.268670085
2012/1/15,0.04606948,0.23447332,-0.570905921,0.049239681,0.547826087,-0.234140272
2012/1/22,0.02572063,0.240504121,-0.505674096,-0.003450656,0.545935728,-0.220257595
2012/1/29,0,0.240504121,-0.515161597,0,0.545935728,-0.219182903
2012/2/5,0.018789302,0.245023026,-0.512729184,0.049168975,0.572778828,-0.210868355
2012/2/12,0.026983479,0.2516346,-0.508333649,0.056765677,0.605293006,-0.204966205
2012/2/19,0.019917846,0.256646619,-0.520485771,0.051217989,0.636294896,-0.201125727
2012/2/26,0.048912346,0.269199807,-0.478141828,0.060011884,0.674480151,-0.189303099
2012/3/4,0.014667577,0.273148316,-0.476528964,0.020179372,0.688090737,-0.181901573
2012/3/11,0.008024273,0.275340133,-0.469696714,0.031318681,0.709640832,-0.178761535
2012/3/18,-0.017924569,0.270404779,-0.468474092,-0.006925946,0.704725898,-0.174044941
2012/3/25,-0.021555131,0.264576169,-0.49903446,-0.009120172,0.698298677,-0.175397177
2012/4/1,-0.045246811,0.252604941,-0.506046101,-0.055766107,0.659357278,-0.181476322
2012/4/8,0.039613839,0.262611592,-0.478702642,0.052178899,0.693761815,-0.164632807
2012/4/15,0.033301869,0.271357049,-0.446157919,0.045776567,0.725519849,-0.154991792
2012/4/22,0.027086825,0.27870725,-0.409770781,0.042209484,0.756143667,-0.144251989
2012/4/29,-0.014870398,0.274562762,-0.359456834,-0.0275,0.735349716,-0.122403503
2012/5/6,0.044218684,0.286703566,-0.256913156,0.102827763,0.810964083,-0.086077219
2012/5/13,-0.013060844,0.282958976,-0.285223263,0.0004662,0.811342155,-0.092694499
2012/5/20,-0.020760642,0.277084566,-0.298058765,-0.017707363,0.796975425,-0.093792219
2012/5/27,-0.00662594,0.27524862,-0.221599258,-0.009487666,0.789413989,-0.054787034
2012/6/3,0.031191376,0.283834003,-0.202423513,0.036398467,0.818147448,-0.051163436
2012/6/10,-0.047063236,0.270475857,-0.246297,-0.056839187,0.771644612,-0.069345792
2012/6/17,0.022373215,0.276527271,-0.194386292,0.028417442,0.793572779,-0.04729773
2012/6/24,-0.01694345,0.271841945,-0.254059422,-0.011910434,0.784120983,-0.064529535
2012/7/1,-0.027910941,0.264254581,-0.279434399,-0.040983607,0.751984877,-0.071655135
2012/7/8,-0.026509509,0.257249322,-0.334881457,-0.066867773,0.701701323,-0.107844948
2012/7/15,-0.014400392,0.25354483,-0.372380746,-0.020474138,0.687334594,-0.130972939
2012/7/22,-0.017167375,0.249192131,-0.373660905,-0.01210121,0.679017013,-0.131046674
2012/7/29,-0.023942862,0.243225759,-0.365530706,-0.027839644,0.660113422,-0.129248359
2012/8/5,-0.004747911,0.242070944,-0.353075966,-0.015463918,0.649905482,-0.129877881
2012/8/12,0.039111687,0.251538747,-0.302730465,0.069808028,0.695274102,-0.101956022
2012/8/19,-0.031809529,0.243537418,-0.310907315,-0.02718869,0.67637051,-0.105354181
2012/8/26,-0.005017847,0.242315385,-0.347937748,0.009502515,0.682797732,-0.112368283
2012/9/2,-0.0296519,0.235130273,-0.28388598,-0.03986711,0.65557656,-0.098908038
2012/9/9,0.073615988,0.25243962,-0.18869538,0.130911188,0.741398866,-0.049361949
2012/9/16,0.000642662,0.252601854,-0.184962642,0.003569607,0.744045369,-0.048613663
2012/9/23,-0.061284951,0.237121161,-0.223816451,-0.071646341,0.69073724,-0.066591546
2012/9/30,0.021210196,0.242150548,-0.143913743,-0.006020799,0.68657845,-0.037461417
2012/10/7,0,0.242150548,-0.143913743,0,0.68657845,-0.037461417
2012/10/14,0.01376531,0.245483825,-0.166531583,0.02753304,0.705482042,-0.043168
2012/10/21,0.013303027,0.248749503,-0.077539048,0.015005359,0.716068053,-0.00402349
2012/10/28,-0.036971017,0.239552981,-0.185995097,-0.036958817,0.689603025,-0.037795808
2012/11/4,0.047315242,0.250887488,-0.156683675,0.092653509,0.753497164,-0.031267926
2012/11/11,-0.038422762,0.241247698,-0.177109296,-0.049673859,0.716068053,-0.045959265
2012/11/18,-0.033102278,0.233261849,-0.185813799,-0.040126716,0.687334594,-0.055134186
2012/11/25,0.003743858,0.234135149,-0.170465167,0,0.687334594,-0.052168428
2012/12/2,-0.057372813,0.220702157,-0.208102254,-0.099009901,0.619281664,-0.073321299
2012/12/9,0.048136216,0.231325923,-0.123597062,0.047008547,0.648393195,-0.038677411
2012/12/16,0.039735629,0.240517804,-0.019641397,0.029154519,0.667296786,0.001514294
2012/12/23,0.009285481,0.242751128,0.01924723,0.009631728,0.673724008,0.023438833
2012/12/30,0.047295425,0.254232146,0.08438971,0.052749719,0.70926276,0.054298423
2013/1/6,0.013874748,0.257759552,0.1655431,-0.003198294,0.706994329,0.101043519
2013/1/13,0.003012249,0.258535988,0.122485869,0.031016043,0.728922495,0.095203178
2013/1/20,0.05619387,0.273064126,0.152959109,0.062759336,0.774669187,0.116644943
2013/1/27,-0.025738946,0.266035743,0.127220163,-0.049780381,0.73610586,0.099624229
2013/2/3,0.045899881,0.278246752,0.154330741,0.017462763,0.748960302,0.089395443
2013/2/10,0.020776029,0.284027615,0.148123292,0.04088844,0.779584121,0.084349317
2013/2/17,0,0.284027615,0.128205445,0,0.779584121,0.06769949
2013/2/24,-0.026530601,0.276492192,0.052762498,0.027158099,0.800756144,0.057204738
2013/3/3,0.030214207,0.284846184,0.068309129,0.035410765,0.829111531,0.062144656
2013/3/10,-0.017729105,0.279796116,0.042555752,-0.008207934,0.822306238,0.049117969
2013/3/17,-0.029647831,0.271500768,0.03083249,-0.033103448,0.795085066,0.040213393
2013/3/24,0.029946092,0.279631155,0.082333713,0.030908226,0.819659735,0.053414127
2013/3/31,-0.038997174,0.26872633,0.088583349,-0.024907749,0.799243856,0.064133521
2013/4/7,-0.014799638,0.264749278,0.034169872,-0.026963103,0.777693762,0.038068043
2013/4/14,-0.003782427,0.263747883,-0.002914424,0.001944579,0.779206049,0.023795695
2013/4/21,0.030389555,0.271763064,0.000388305,0.02862688,0.801512287,0.019422969
2013/4/28,-0.023531834,0.26536798,-0.00827313,-0.006132075,0.796597353,0.026667719
2013/5/5,-0.007205926,0.263455758,-0.05969774,-0.009492169,0.789035917,-0.009137308
2013/5/12,0.032576147,0.272038132,-0.014060749,0.053665549,0.831379962,0.008132356
2013/5/19,0.026012303,0.27911447,0.032712196,0.035925421,0.861247637,0.025852745
2013/5/26,0.019266626,0.284492064,0.058604762,0.042581212,0.897920605,0.042930256
2013/6/2,0.011663727,0.287810302,0.039077113,0.021894737,0.91758034,0.038232522
2013/6/9,-0.052587526,0.27267507,0.033552823,-0.054800165,0.867296786,0.038952378
2013/6/16,-0.013705153,0.268938017,-0.002525545,-0.00043592,0.866918715,0.029466654
2013/6/23,-0.038149949,0.258678045,-0.023732044,-0.035761012,0.835916824,0.021321931
2013/6/30,-0.061192685,0.242848841,-0.057013788,-0.072365445,0.775425331,0.010231826
2013/7/7,0.007840923,0.244753,-0.022663356,-0.019990249,0.759924386,0.026570363
2013/7/14,0.018171709,0.24920058,0.009908745,0.010945274,0.768241966,0.037094511
2013/7/21,-0.015567045,0.245321264,0.011509075,0.010826772,0.776559546,0.044742381
2013/7/28,0.026827069,0.251902514,0.062279006,0.043330088,0.81020794,0.068293086
2013/8/4,0.014902812,0.25565657,0.081929729,0.021931871,0.827977316,0.080719606
2013/8/11,0.020922227,0.261005475,0.063740269,0.026484018,0.849905482,0.066939662
2013/8/18,-0.009444337,0.258540451,0.086105462,-0.03024911,0.824196597,0.065889357
2013/8/25,0.016889313,0.262907022,0.108012622,0.044036697,0.860491493,0.077101687
2013/9/1,0.010297665,0.265614351,0.147962188,0.007469244,0.866918715,0.093143375
2013/9/8,-0.000480674,0.265486677,0.073865526,0.018752726,0.883175803,0.058328506
2013/9/15,0.025526051,0.272263503,0.098748915,-0.014982877,0.869943289,0.052108671
2013/9/22,-0.008454486,0.269961655,0.15157938,0.006518905,0.875614367,0.079055427
2013/9/29,-0.005620246,0.268444404,0.124748938,0.007772021,0.88241966,0.083649085
2013/10/6,0.010574304,0.271283017,0.135323242,0.017994859,0.898298677,0.08959404
2013/10/13,0.03749856,0.281455739,0.159056492,0.050505051,0.943667297,0.096964116
2013/10/20,-0.013595638,0.277629169,0.132157827,-0.007211538,0.936862004,0.089586929
2013/10/27,-0.031418279,0.268906538,0.137710565,-0.041162228,0.898298677,0.088128837
2013/11/3,-0.067322759,0.250803008,0.023072563,-0.098484848,0.809829868,0.024032977
2013/11/10,-0.021179194,0.245491203,0.040316132,-0.009337068,0.802268431,0.037889348
2013/11/17,0.026327721,0.251954427,0.099746132,0.037229029,0.832136106,0.063724936
2013/11/24,0.025520856,0.258384519,0.12152313,0.033621081,0.860113422,0.074747686
2013/12/1,0.028020761,0.26562465,0.206916704,0.042197802,0.896408318,0.123278607
2013/12/8,-0.015274134,0.261567464,0.143506354,-0.035428089,0.864650284,0.095942611
2013/12/15,0.001573837,0.261979128,0.105344562,0.023174464,0.884688091,0.09400008
2013/12/22,-0.044051758,0.250438487,0.052007324,-0.036324786,0.852551985,0.078471215
2013/12/29,0.017487816,0.254818109,0.022199714,0.021286031,0.870699433,0.068356923
2014/1/5,-0.002005179,0.254307153,0.006319788,-0.026921407,0.847258979,0.060327921
2014/1/12,-0.044447331,0.243003879,-0.041139792,-0.054439982,0.801134216,0.031487028
2014/1/19,0.007221167,0.244758651,-0.090112495,0.027843322,0.823440454,0.020351718
2014/1/26,0.047013821,0.25626569,-0.017359728,0.069788797,0.880907372,0.059859514
2014/2/2,-0.002936206,0.255513241,-0.066195815,0.01416309,0.893383743,0.058776743
2014/2/9,0.015547858,0.259485925,-0.071423986,0.026237833,0.916824197,0.054051713
2014/2/16,0.041508525,0.270256803,-0.029915461,0.046597938,0.959546314,0.069233328
2014/2/23,-0.002658981,0.269538195,-0.006043842,0.009850276,0.96899811,0.063568733
2014/3/2,-0.035061121,0.260087884,-0.07131917,-0.030823254,0.939130435,0.041533232
2014/3/9,0.005849795,0.261609345,-0.047740269,0.019323671,0.957277883,0.05066028
2014/3/16,-0.023731853,0.25540087,-0.041824291,-0.030015798,0.928544423,0.051723038
2014/3/23,0.017007489,0.259744598,-0.054762894,0.028501629,0.955009452,0.05094398
2014/3/30,-0.026321319,0.252907777,-0.042087038,-0.042359462,0.914555766,0.044924115
2014/4/6,0.010716609,0.255618091,-0.016570792,0.014055395,0.927410208,0.058687718
2014/4/13,0.022952706,0.261485218,0.010164341,0.004891969,0.93194707,0.059666835
2014/4/20,-0.00145931,0.26110363,-0.021684524,0.01663286,0.947448015,0.055757256
2014/4/27,-0.052385454,0.247425598,-0.050538144,-0.072226656,0.879017013,0.032818301
2014/5/4,0.002488806,0.248041392,-0.040843412,0.009032258,0.886956522,0.038994707
2014/5/11,-0.034263143,0.239542714,-0.107682702,-0.02344416,0.866162571,0.013661897
2014/5/18,0.003799463,0.240452848,-0.129895542,0.002182453,0.86805293,0.002623538
2014/5/25,0.013536626,0.243707768,-0.135625542,0.025696864,0.890359168,-0.002818903
2014/6/1,0.009283649,0.245970266,-0.138005621,0.014012739,0.902835539,-0.00539991
2014/6/8,-0.001584804,0.245580451,-0.087002899,0,0.902835539,0.013386392
2014/6/15,0.021602278,0.250885548,-0.051695468,0.023869347,0.924385633,0.021394706
2014/6/22,-0.024009437,0.244861927,-0.037554957,-0.029856851,0.896786389,0.023429526
2014/6/29,0.024736272,0.250918898,0.048374001,0.046795953,0.938752363,0.063713342
2014/7/6,0.015943212,0.254919352,0.05647629,0.00886025,0.947069943,0.073384671
2014/7/13,-0.000468368,0.254799956,0.037836213,0.011976048,0.958412098,0.073724369
2014/7/20,0.001531934,0.255190292,0.054935192,-0.003944773,0.95463138,0.068817317
2014/7/27,0.016160846,0.259314383,0.044268969,-0.010693069,0.94442344,0.051094565
2014/8/3,0.0311388,0.267389122,0.060504957,0.029623699,0.972400756,0.053594088
2014/8/10,0.017918934,0.27218045,0.057501663,0.037325039,1.008695652,0.057096065
2014/8/17,0.025274309,0.279059623,0.092220309,0.039355322,1.048393195,0.08020163
2014/8/24,0.019760266,0.284573915,0.095091261,0.039307609,1.089603025,0.078688327
2014/8/31,-0.016963509,0.279746543,0.067830088,-0.022206801,1.065406427,0.068722137
2014/9/7,0.025572034,0.286900231,0.093882795,0.042228531,1.110396975,0.076316196
2014/9/14,0.014513237,0.291064082,0.082869981,0.034729316,1.148960302,0.092728234
2014/9/21,-0.000101561,0.291034521,0.091222907,0.007568279,1.157655955,0.093075579
2014/9/28,0.016903724,0.295954089,0.113746877,0.02743305,1.189413989,0.09951609
2014/10/5,0.015442017,0.300524217,0.11861459,0.025429116,1.219659735,0.101941526
2014/10/12,0.011526145,0.303988102,0.092642175,0.01549907,1.238563327,0.090644572
2014/10/19,-0.020347289,0.297802769,0.085890524,-0.028693529,1.203024575,0.083352716
2014/10/26,-0.017675848,0.292538852,0.099632955,-0.013827781,1.186389414,0.092722418
2014/11/2,0.047472383,0.306426368,0.214428097,0.048438496,1.243856333,0.143049198
2014/11/9,-0.02733772,0.29804937,0.20826957,-0.013677812,1.2268431,0.141585437
2014/11/16,-0.008546992,0.295501944,0.173394856,-0.044992296,1.171644612,0.114055892
2014/11/23,0.023616475,0.302480659,0.171490475,0.046466602,1.226086957,0.118172925
2014/11/30,0.052949784,0.318496944,0.196419498,0.023126735,1.254442344,0.112016795
2014/12/7,0.037041737,0.330294624,0.24873537,-0.032549729,1.213610586,0.113010007
2014/12/14,0.021446984,0.337378448,0.268608516,0.025545171,1.244612476,0.113781451
2014/12/21,0.014691996,0.342335211,0.32735227,-0.043134872,1.190926276,0.111417493
2014/12/28,-0.008097786,0.339563053,0.301766668,-0.047301587,1.134593573,0.088244315
2015/1/4,-0.008125139,0.336804057,0.295646708,-0.051982672,1.075614367,0.079546958
2015/1/11,-0.054943521,0.318298856,0.285150518,-0.141300527,0.92362949,0.047427504
2015/1/18,0.020762658,0.324907586,0.298692009,0.016373312,0.938752363,0.043686827
2015/1/25,0.018601017,0.330951198,0.270279205,0.068868304,1.003402647,0.043399889
2015/2/1,-0.004932615,0.329318743,0.268282796,0.041446873,1.044990548,0.052248969
2015/2/8,-0.016397741,0.323918659,0.236337197,0.004703329,1.049905482,0.045179895
2015/2/15,0.043578948,0.338034694,0.23840762,0.045372704,1.097542533,0.044789439
2015/2/22,0.020325018,0.344905255,0.26139162,0.030313469,1.130812854,0.051476444
2015/3/1,0.016863825,0.350721677,0.313316565,0.020728853,1.154253308,0.068751517
2015/3/8,0.008691679,0.353770037,0.316158449,0.055355388,1.218147448,0.080330927
2015/3/15,0.03514106,0.366201891,0.375031362,0.032588454,1.257844991,0.101178996
2015/3/22,0.075347528,0.393794298,0.433371401,0.08596333,1.365973535,0.119300476
2015/3/29,0.035437672,0.407749451,0.495130391,0.061721561,1.450283554,0.153691975
2015/4/5,0.066262213,0.434767832,0.550675996,0.092022941,1.583742911,0.178383426
2015/4/12,0.028323139,0.447081822,0.556046428,0.012652184,1.603780718,0.180947683
2015/4/19,0.015051769,0.453811194,0.572557508,-0.031353135,1.553497164,0.164830611
2015/4/26,0.084823155,0.492304892,0.709766116,0.152348503,1.790170132,0.237087229
2015/5/3,0.01025852,0.497355211,0.71753583,0.009292503,1.806805293,0.23717319
2015/5/10,-0.039753331,0.477583684,0.712045642,0.002929483,1.812098299,0.246056039
2015/5/17,0.058046786,0.505305882,0.766292965,0.113290215,2.017391304,0.28110261
2015/5/24,0.098892512,0.55527685,0.851648851,0.1488006,2.31758034,0.318884674
2015/5/31,0.01120307,0.561497656,0.853568272,0.044535073,2.420793951,0.328770145
2015/6/7,0.104217528,0.620015553,0.959370604,0.120880837,2.71342155,0.366808424
2015/6/14,0.033291764,0.640656965,0.97106009,0.048766894,2.845746692,0.374817144
2015/6/21,-0.136461762,0.553231786,0.858607765,-0.127806563,2.482041588,0.339339676
2015/6/28,-0.091092983,0.502836252,0.74277851,-0.109215537,2.210964083,0.285544072
2015/7/5,-0.173190873,0.415749603,0.553644424,-0.233926129,1.693761815,0.193778104
2015/7/12,-0.018805393,0.407931269,0.5353074,-0.094196429,1.534215501,0.156832201
2015/7/19,0.075330437,0.438660909,0.609105903,0.149827501,1.764083176,0.204687037
2015/7/26,0.061467339,0.465624228,0.654412396,0.118945564,1.973913043,0.245732848
2015/8/2,-0.10310793,0.417614678,0.520165666,-0.104577667,1.767485822,0.199181785
2015/8/9,0.035136364,0.432288139,0.537383096,0.04855615,1.853308129,0.202771386
2015/8/16,0.06708064,0.461286304,0.579189428,0.092003264,2.023818526,0.219242462
2015/8/23,-0.125824507,0.403245183,0.433604656,-0.115075659,1.790926276,0.165639842
2015/8/30,-0.094720557,0.365049574,0.355847607,-0.109563015,1.594706994,0.134444556
2015/9/6,-0.130075109,0.317565711,0.200200465,-0.176149834,1.313799622,0.056068609
2015/9/13,0.061381337,0.337058319,0.247068565,0.126043165,1.479395085,0.08425861
2015/9/20,-0.053495282,0.319027289,0.193674844,-0.075134168,1.368241966,0.055709816
2015/9/27,0.006819402,0.321202865,0.183590522,0.01934236,1.394706994,0.053074538
2015/10/4,0.002843915,0.322116338,0.17099242,0.013824885,1.413988658,0.049280877
2015/10/11,0.053298352,0.339284608,0.212764627,0.065508021,1.506616257,0.065304715
2015/10/18,0.079011089,0.366091855,0.312123005,0.101882058,1.660113422,0.107349021
2015/10/25,0.017025114,0.37232461,0.346823966,0.024140287,1.700189036,0.119941618
2015/11/1,-0.006935273,0.369742437,0.29241631,-0.003557928,1.694139887,0.102986224
2015/11/8,0.063899825,0.393368914,0.383653856,0.05288998,1.783742911,0.124756544
2015/11/15,0.014726062,0.399161689,0.406926911,0.038363713,1.852173913,0.152650541
2015/11/22,0.032523942,0.412144001,0.415834377,0.052867932,1.950094518,0.15468336
2015/11/29,-0.056425793,0.388888449,0.3064588,-0.052151997,1.848393195,0.129208531
2015/12/6,0.022300318,0.397560785,0.291717381,0.013908775,1.874102079,0.144843261
2015/12/13,-0.018757741,0.390103443,0.251512656,-0.019366552,1.837807183,0.129916298
2015/12/20,0.057739282,0.412627736,0.294559942,0.070973051,1.968241966,0.167469785
2015/12/27,0.015759149,0.419130398,0.318416878,0.013253938,1.994328922,0.188011038
2016/1/3,-0.01722059,0.411912725,0.309321427,-0.007582938,1.979206049,0.203267926
2016/1/10,-0.147549614,0.351135162,0.216715334,-0.164469914,1.6536862,0.194150377
2016/1/17,-0.10349575,0.314794165,0.092456926,-0.12094193,1.4536862,0.145768699
2016/1/24,0.013996918,0.319200313,0.087852828,0.026007802,1.491493384,0.132127006
2016/1/31,-0.079330668,0.293877939,0.013454774,-0.09860583,1.34442344,0.083985804
2016/2/7,0.027959434,0.3020946,0.057811949,0.049775028,1.411342155,0.098613664
2016/2/14,0,0.3020946,0.014233001,0,1.411342155,0.083822505
2016/2/21,0.053196757,0.318165052,0.047104739,0.077953389,1.521361059,0.098889551
2016/2/28,-0.054986208,0.300670363,-0.024745293,-0.071322068,1.412854442,0.067386146
2016/3/6,0.003753466,0.301798919,-0.029683507,-0.037195611,1.360302457,0.03679195
2016/3/13,-0.019465767,0.295924171,-0.084290333,-0.015842135,1.338752363,0.020779392
2016/3/20,0.078859573,0.319260625,-0.080778288,0.112397628,1.489224953,0.028796144
2016/3/27,0.014283153,0.323820673,-0.101932807,0.014216806,1.510396975,0.013537807
2016/4/3,0.01279882,0.327965196,-0.1553962,0.01902378,1.539130435,-0.009524457
2016/4/10,0.00254397,0.32879953,-0.181175368,0.016703513,1.564839319,-0.008193548
2016/4/17,0.034301298,0.34007778,-0.161925839,0.041072723,1.629111531,0.015842056
2016/4/24,-0.056860995,0.320740619,-0.30360999,-0.077048039,1.503591682,-0.05815132
2016/5/1,-0.000367935,0.320622607,-0.314236444,0,1.503591682,-0.061234518
2016/5/8,-0.032411986,0.310230592,-0.306895099,-0.050289163,1.427977316,-0.079408825
2016/5/15,-0.037255196,0.29867289,-0.402197082,-0.05374636,1.351228733,-0.133596964
2016/5/22,0.005830107,0.300414185,-0.495259486,0.009513151,1.364083176,-0.176680383
2016/5/29,0.001646873,0.300908929,-0.504815684,0.00886918,1.376181474,-0.188260983
2016/6/5,0.053498532,0.317007115,-0.55553468,0.066483516,1.467674858,-0.204843661
2016/6/12,0.000198797,0.317070135,-0.588627647,0.005151984,1.475236295,-0.219002438
2016/6/19,-0.006682117,0.314951435,-0.458848002,0.002050231,1.47826087,-0.172738378
2016/6/26,-0.004592432,0.313505042,-0.37234745,0.000511509,1.479017013,-0.13401699
2016/7/3,0.028434893,0.322419525,-0.170721685,0.032208589,1.526654064,-0.034624509
2016/7/10,0.025247473,0.330559803,-0.12666882,0.033432392,1.577693762,0.009314987
2016/7/17,0.01515428,0.335569198,-0.186844977,0.006949437,1.588657845,-0.034913857
2016/7/24,-0.009910465,0.332243551,-0.258222781,-0.004521656,1.58147448,-0.073886754
2016/7/31,-0.031480362,0.321784404,-0.186595214,-0.053071958,1.497542533,-0.055244215
2016/8/7,-0.001269991,0.321375741,-0.223001569,0.001009846,1.49905482,-0.070712477
2016/8/14,0.017426765,0.32697628,-0.272655444,0.008322825,1.511531191,-0.097287638
2016/8/21,0.030637508,0.336994019,-0.11619343,0.043271636,1.576937618,-0.04241607
2016/8/28,-0.011081439,0.33325964,-0.032554311,-0.008151522,1.564083176,-0.006463398
2016/9/4,-0.019466827,0.326772132,0.07805397,-0.070340827,1.454064272,0.033813056
2016/9/11,0.01245767,0.330842952,0.029130303,0.023140926,1.487712665,0.001868846
2016/9/18,-0.027425372,0.32176946,0.055200212,-0.030749682,1.441965974,0.017493588
2016/9/25,0.013255835,0.326034783,0.061636645,0.017829051,1.467674858,0.016998355
2016/10/2,-0.007901481,0.323458625,0.050891249,-0.00953117,1.4536862,0.009229331
2016/10/9,0,0.323458625,-0.002407103,0,1.4536862,-0.011921236
2016/10/16,0.025084016,0.331572267,-0.056334177,0.034590377,1.503969754,-0.032925937
2016/10/23,0.004563365,0.333085352,-0.068795925,-0.000502765,1.503213611,-0.04104474
2016/10/30,1.02E-05,0.333088762,-0.061850413,-0.005784708,1.494517958,-0.041790484
2016/11/6,-0.05429195,0.315004724,-0.180042189,-0.0761447,1.380718336,-0.085370006
2016/11/13,0.015756422,0.319968071,-0.179011828,0.016703176,1.403780718,-0.092396976
2016/11/20,0.00399862,0.321247502,-0.20753715,0.009695664,1.417391304,-0.106353257
2016/11/27,0.011242363,0.324859083,-0.139868994,-0.010402774,1.402646503,-0.091985302
2016/12/4,-0.013925331,0.320335313,-0.176094643,-0.033153639,1.356143667,-0.107828173
2016/12/11,-0.005104091,0.318700292,-0.162440993,-0.00250906,1.352741021,-0.102146731
2016/12/18,-0.037455177,0.306763316,-0.257635453,-0.032979318,1.308128544,-0.136181073
2016/12/25,-0.008606792,0.304123068,-0.282001394,-0.007514451,1.298298677,-0.143084306
2017/1/1,0.000260323,0.304202238,-0.264520482,-0.002329645,1.295274102,-0.141324481
2017/1/8,0.04030265,0.316462395,-0.076668218,0.053123176,1.364083176,-0.064174773
2017/1/15,-0.027005505,0.307916168,-0.000177973,-0.046563193,1.300567108,-0.037100711
2017/1/22,-0.009596557,0.304961233,-0.023771448,-0.031104651,1.260113422,-0.056192052
2017/1/29,0.012396873,0.308741798,0.067956093,0.01620162,1.280529301,-0.016230581
2017/2/5,-0.004003929,0.307505618,0.03599273,-0.00088574,1.279395085,-0.032717919
2017/2/12,0.01842494,0.313171391,0.05441767,0.023345154,1.30926276,-0.025025645
2017/2/19,-0.004302093,0.311824098,-0.003081179,-0.009818077,1.296408318,-0.05333592
2017/2/26,0.023070901,0.319018161,0.074975929,0.029454652,1.334593573,-0.018995093
2017/3/5,-0.00654075,0.316931543,0.064681714,-0.001983003,1.33194707,-0.007021745
2017/3/12,-0.000289289,0.316839859,0.083858192,-0.000567698,1.331190926,-0.001888044
2017/3/19,0.001935631,0.317453144,0.00693425,-0.00028401,1.330812854,-0.037488631
2017/3/26,0.001689195,0.317989384,-0.005659708,-0.010227273,1.317202268,-0.04562084
2017/4/2,-0.029543832,0.308594759,-0.04800236,-0.053960964,1.246124764,-0.070393019
2017/4/9,0.020668984,0.314973099,-0.029877346,0.025788835,1.27826087,-0.067427563
2017/4/16,-0.019331372,0.308884237,-0.083510015,-0.028689737,1.241587902,-0.090547889
2017/4/23,-0.036173373,0.297710852,-0.062822393,-0.077953715,1.144801512,-0.090875144
2017/4/30,-0.025217415,0.290203354,-0.087671873,-0.035336856,1.104347826,-0.102867248
2017/5/7,-0.065795015,0.27110942,-0.121054902,-0.089352961,1.005671078,-0.116867974
2017/5/14,-0.027964908,0.26352787,-0.111764614,-0.064661654,0.940642722,-0.120735414
2017/5/21,0.015870663,0.267710232,-0.101724058,0.028938907,0.967863894,-0.114382115
2017/5/28,-0.013888926,0.263992025,-0.117259856,-0.06328125,0.906616257,-0.139116208
2017/6/4,-0.00969013,0.261433908,-0.180448518,-0.027522936,0.881663516,-0.169874739
2017/6/11,0.030198544,0.269328831,-0.150448771,0.036878216,0.914177694,-0.159516163
2017/6/18,0.001249129,0.269665257,-0.142517525,0.02770885,0.939508507,-0.151088238
2017/6/25,0.005681757,0.27119743,-0.132243336,-0.024949698,0.916068053,-0.15968077
2017/7/2,0.011749809,0.274383948,-0.148928419,0.014032191,0.928922495,-0.165602809
2017/7/9,-0.021204845,0.268565679,-0.195380736,-0.025641026,0.90510397,-0.185223198
2017/7/16,-0.009535482,0.266004776,-0.220070498,-0.043441938,0.865784499,-0.202336262
2017/7/23,-0.00776264,0.263939877,-0.217922672,-0.026637555,0.842722117,-0.209825213
2017/7/30,0.010779763,0.266785086,-0.175662547,0.029161059,0.867296786,-0.1820665
2017/8/6,-3.04E-05,0.266776984,-0.174422923,0.009590235,0.875614367,-0.179221432
2017/8/13,-0.008361187,0.264546412,-0.200210875,0.000863558,0.87637051,-0.181696497
2017/8/20,0.028697458,0.272138222,-0.202150926,0.041415013,0.912665406,-0.182290231
2017/8/27,0.00438317,0.27333105,-0.186686317,-0.018641259,0.895652174,-0.185834321
2017/9/3,-0.042969232,0.261586224,-0.210188722,-0.080624736,0.823440454,-0.189542208
2017/9/10,0.00653964,0.263296904,-0.216106751,0.018365473,0.838563327,-0.191101664
2017/9/17,0.006084514,0.264898938,-0.182596864,0.011722272,0.848393195,-0.176806173
2017/9/24,-0.00171736,0.264444011,-0.197570058,-0.007575758,0.841965974,-0.185231699
2017/10/1,0.001320177,0.264793124,-0.1883484,-0.000449035,0.841587902,-0.182189117
2017/10/8,0,0.264793124,-0.1883484,0,0.841587902,-0.182189117
2017/10/15,0.017779642,0.269501051,-0.195652774,0.00853549,0.848771267,-0.19069122
2017/10/22,-0.017123371,0.264886285,-0.21733951,-0.046325167,0.809451796,-0.206334426
2017/10/29,0.010913831,0.267777209,-0.206435918,-0.01588043,0.796597353,-0.20973655
2017/11/5,-0.108942189,0.238604973,-0.261086157,-0.187470337,0.647258979,-0.252537562
2017/11/12,0.028638156,0.24543818,-0.248204424,0.026869159,0.664650284,-0.249221125
2017/11/19,-0.033026116,0.23733231,-0.28522916,-0.099544937,0.598487713,-0.287389119
2017/11/26,-0.010960719,0.234730977,-0.307432242,-0.012634239,0.590926276,-0.288141608
2017/12/3,-0.001002246,0.234495719,-0.294509157,0.049264235,0.620037807,-0.260873319
2017/12/10,-0.011275026,0.231851774,-0.300680092,-0.03597561,0.597731569,-0.272248809
2017/12/17,0.002773613,0.232494841,-0.260451302,0.021505376,0.610586011,-0.253977877
2017/12/24,0.001755895,0.232903077,-0.250088615,-0.032198142,0.590926276,-0.262372904
2017/12/31,-0.001504028,0.232552785,-0.251852966,0.003838772,0.593194707,-0.260318309
2018/1/7,0.047082346,0.243501915,-0.245073269,0.076481836,0.638563327,-0.253005655
2018/1/14,0.004519512,0.244602425,-0.213548252,-0.037892244,0.61436673,-0.249987885
2018/1/21,-0.014645556,0.241020087,-0.218597251,-0.068307692,0.572400756,-0.263039215
2018/1/28,0.01901174,0.245602298,-0.211982384,0.013870542,0.580340265,-0.263804731
2018/2/4,-0.05629481,0.231776163,-0.264273265,-0.119869707,0.510775047,-0.306071128
2018/2/11,-0.080760755,0.213057745,-0.36345896,-0.023686158,0.498676749,-0.321753797
2018/2/18,0.03293579,0.22007497,-0.326221077,0.031842305,0.514555766,-0.308016317
2018/2/25,0.022577661,0.225043748,-0.326714317,0.016164585,0.522873346,-0.312347606
2018/3/4,0.014892554,0.228395225,-0.305281013,0.085321764,0.567485822,-0.284393782
2018/3/11,0.026748093,0.234504361,-0.278243632,0.033977348,0.586767486,-0.273066873
2018/3/18,-0.015028828,0.230980036,-0.295208091,-0.005798969,0.583364839,-0.274910805
2018/3/25,-0.059826406,0.21716133,-0.356723692,-0.06610499,0.544801512,-0.294281247
2018/4/1,0.024292295,0.222436677,-0.302887564,0.12907703,0.615122873,-0.235323928
2018/4/8,-0.031705502,0.215384211,-0.355262051,-0.062077443,0.576937618,-0.265173864
2018/4/15,-0.00064061,0.215246233,-0.336571289,0.000655308,0.57731569,-0.255252388
2018/4/22,-0.030482084,0.20868508,-0.330880001,-0.028814669,0.560680529,-0.237945091
2018/4/29,-0.003562627,0.207941613,-0.309225212,0.002697235,0.562192817,-0.225055119
2018/5/6,-0.022850586,0.203190025,-0.266280783,-0.021519839,0.550094518,-0.201106741
2018/5/13,0.01834033,0.206916597,-0.219975545,0.002061856,0.551228733,-0.178137847
2018/5/20,0.000253382,0.206969026,-0.235592826,-0.01303155,0.544045369,-0.19201961
2018/5/27,-0.015001889,0.2038641,-0.236705789,-0.000694927,0.543667297,-0.170460599
2018/6/3,-0.031713412,0.197398874,-0.258729071,-0.07093185,0.50510397,-0.185682064
2018/6/10,-0.002249649,0.196954795,-0.291177264,-0.015718563,0.497164461,-0.203034696
2018/6/17,-0.028605219,0.19132086,-0.321031612,-0.074524715,0.460113422,-0.237961282
2018/6/24,-0.055204795,0.180759031,-0.381918164,-0.087921118,0.419659735,-0.260215476
2018/7/1,-0.000480224,0.180672226,-0.394148198,0.066666667,0.447637051,-0.243347519
2018/7/8,-0.063015918,0.169287,-0.435959271,-0.136824324,0.386389414,-0.283734705
2018/7/15,0.033290956,0.174922726,-0.393132834,0.023483366,0.395463138,-0.261192817
2018/7/22,0.000751234,0.175054134,-0.38461896,-0.000956023,0.395085066,-0.252512056
2018/7/29,0.014736,0.177633732,-0.380662723,0.031578947,0.407561437,-0.251729849
2018/8/5,-0.060964596,0.166804363,-0.441596952,-0.071428571,0.378449905,-0.27961402
2018/8/12,0.019628504,0.170078483,-0.413607261,-0.001998002,0.377693762,-0.280568415
2018/8/19,-0.047097261,0.162068252,-0.48940198,-0.029029029,0.366729679,-0.303914777
2018/8/26,0.012894983,0.16415812,-0.480890166,-0.026804124,0.356899811,-0.306699013
2018/9/2,-0.00685281,0.163033175,-0.444773745,-0.032838983,0.345179584,-0.289808808
2018/9/9,-0.055887981,0.153921581,-0.507201366,-0.056955093,0.325519849,-0.315422221
2018/9/16,-0.016284602,0.151415029,-0.529570481,-0.027874564,0.316446125,-0.328730399
2018/9/23,0.027986542,0.155652612,-0.49986658,-0.029868578,0.306994329,-0.336303442
2018/9/30,0.000214223,0.155685956,-0.500972534,-0.025862069,0.29905482,-0.344887855
2018/10/7,0,0.155685956,-0.500972534,0,0.29905482,-0.344887855
2018/10/14,-0.106563602,0.1390955,-0.625315777,-0.175726928,0.246502836,-0.412138746
2018/10/21,-0.033821132,0.134391133,-0.642013538,-0.098159509,0.222306238,-0.430767114
2018/10/28,0.025439588,0.137809988,-0.627487781,0.073129252,0.238563327,-0.40190485
2018/11/4,0.044129095,0.143891418,-0.474416496,0.093502377,0.260869565,-0.302908653
2018/11/11,-0.014823235,0.141758482,-0.517877887,0.053623188,0.274858223,-0.2943352
2018/11/18,0.060893093,0.150390594,-0.423958677,0.162310867,0.319470699,-0.209246811
2018/11/25,-0.053145992,0.142397937,-0.46614395,-0.095857988,0.288846881,-0.23859818
2018/12/2,0.004674993,0.143063646,-0.460466712,-0.007853403,0.28657845,-0.257256045
2018/12/9,0.009748551,0.144458309,-0.439443135,0.027704485,0.294517958,-0.23593393
2018/12/16,-0.014919805,0.14230302,-0.457136552,-0.042362003,0.282041588,-0.257454878
2018/12/23,-0.031241285,0.13785729,-0.490133733,0.00536193,0.283553875,-0.244763041
2018/12/30,-0.014689158,0.135832283,-0.503318863,-0.038666667,0.272589792,-0.259184872
2019/1/6,0.00764958,0.136871343,-0.542751629,-0.00554785,0.271077505,-0.285605359
2019/1/13,0.024274075,0.140193768,-0.522997065,0.033472803,0.280151229,-0.261754156
2019/1/20,0.01309393,0.142029456,-0.49525758,-0.018893387,0.274858223,-0.244527985
2019/1/27,-0.004136242,0.141441987,-0.518405562,-0.03301238,0.265784499,-0.260309589
2019/2/3,-0.007359348,0.140401066,-0.4694701,-0.089615932,0.241965974,-0.249044054
2019/2/10,0,0.140401066,-0.388709346,0,0.241965974,-0.241053659
2019/2/17,0.048598785,0.147224388,-0.37304635,0.1203125,0.271077505,-0.213633054
2019/2/24,0.058670121,0.15586206,-0.336953891,0.076708508,0.291871456,-0.194341927
2019/3/3,0.067304921,0.166352344,-0.284541523,0.084196891,0.316446125,-0.194687587
2019/3/10,0.028821901,0.171146935,-0.282467715,0.188769415,0.376181474,-0.148185655
2019/3/17,0.018918473,0.174384773,-0.248520414,0.021105528,0.384120983,-0.139285075
2019/3/24,0.037634026,0.180947574,-0.151059983,0.072834646,0.412098299,-0.093053207
2019/3/31,-0.00578382,0.179901006,-0.181136098,-0.049541284,0.39168242,-0.150456895
2019/4/7,0.066931062,0.191941971,-0.082499535,0.117760618,0.437807183,-0.091985185
2019/4/14,-0.02268995,0.187586818,-0.104548874,-0.035405872,0.422306238,-0.104219502
2019/4/21,0.03236167,0.19365744,-0.04170512,0.028648165,0.434404537,-0.085058355
2019/4/28,-0.025609895,0.188697894,-0.063752389,0.027850305,0.446502836,-0.07679971
2019/5/5,0.027289331,0.193847333,-0.013612472,0.038103302,0.463516068,-0.057083021
2019/5/12,-0.065784674,0.181095149,-0.097737476,-0.02365416,0.452551985,-0.065749069
2019/5/19,-0.025332334,0.176507586,-0.123323193,-0.032581454,0.437807183,-0.072418016
2019/5/26,-0.021811774,0.172657643,-0.130133078,-0.033678756,0.423062382,-0.083605943
2019/6/2,0.019029525,0.175943236,-0.079390141,0.035746202,0.438185255,-0.04737417
2019/6/9,-0.044227104,0.168161776,-0.121367595,-0.095772217,0.396219282,-0.075651027
2019/6/16,0.029893149,0.173188661,-0.062869227,0.029580153,0.407939509,-0.040118043
2019/6/23,0.045651846,0.181095043,0.037987414,0.03892493,0.423818526,0.003287043
2019/6/30,-0.012279637,0.178871262,0.026188001,-0.04103479,0.406427221,-0.032192625
2019/7/7,-0.00333146,0.178275359,0.085872459,-0.08,0.373913043,-0.010940813
2019/7/14,-0.033992144,0.172215398,0.01858936,-0.06471183,0.349716446,-0.040978302
2019/7/21,0.00092364,0.172374463,0.018761767,0.003243243,0.350850662,-0.039580144
2019/7/28,0.004179843,0.173094961,0.00820561,-0.024784483,0.342155009,-0.058309269
2019/8/4,-0.025554435,0.168671617,0.043615771,-0.015469613,0.336862004,-0.038803451
2019/8/11,-0.042458263,0.161510113,-0.018470996,-0.069584736,0.31342155,-0.062178208
2019/8/18,0.027763044,0.165994126,0.056389309,0.047044632,0.328166352,-0.037034786
2019/8/25,0.034935302,0.17179318,0.078429627,0.049539171,0.34442344,-0.01186109
2019/9/1,-0.002671077,0.171334308,0.08261136,0.003293085,0.345557656,0.000364897
2019/9/8,0.065982409,0.182639358,0.20448175,0.261487965,0.435916824,0.097342672
2019/9/15,0.018129087,0.185950443,0.238895439,0.045967042,0.455954631,0.121746769
2019/9/22,-0.009244926,0.184231345,0.201663971,-0.007462687,0.452551985,0.129357788
2019/9/29,-0.040249143,0.176816191,0.161200605,-0.077694236,0.417391304,0.11113242
2019/10/6,-0.011555011,0.174773078,0.149645594,-0.015398551,0.410964083,0.10595964
2019/10/13,0.024911838,0.179126997,0.281121034,0.018399264,0.41852552,0.17645479
2019/10/20,-0.015826352,0.17629207,0.299115814,-0.035230352,0.403780718,0.198938691
2019/10/27,0.005932653,0.177337949,0.279608879,-0.001872659,0.403024575,0.174787581
2019/11/3,-0.009623222,0.175631387,0.225856561,0.027204503,0.413988658,0.153939348
2019/11/10,0.004835933,0.176480729,0.245515729,0.000913242,0.41436673,0.136831997
2019/11/17,-0.029466033,0.171280542,0.155156602,-0.041970803,0.396975425,0.072402939
2019/11/24,0.002050498,0.171631752,0.210353092,0.02952381,0.408695652,0.115691343
2019/12/1,-0.005055504,0.170764067,0.200622596,-0.002775208,0.407561437,0.117393122
2019/12/8,0.025309717,0.175086057,0.216183762,0.038961039,0.423440454,0.121024306
2019/12/15,0.017599822,0.178167541,0.248703389,0.016964286,0.430623819,0.141060121
2019/12/22,0.021523424,0.182002316,0.301468098,0.04214223,0.448771267,0.153037063
2019/12/29,6.98E-05,0.182015026,0.31622709,0.00168492,0.44952741,0.16674292
2020/1/5,0.009130774,0.183676964,0.317708284,-0.057190917,0.423818526,0.148966861
2020/1/12,0.017042199,0.186807224,0.310476408,0.045495094,0.443100189,0.152822115
2020/1/19,0.000842767,0.186964659,0.298225245,0.008532423,0.446880907,0.16201224
2020/1/26,-0.028152329,0.181701168,0.274209158,-0.015228426,0.440075614,0.168086912
2020/2/2,0,0.181701168,0.281568507,0,0.440075614,0.199383151
2020/2/9,-0.015659912,0.178855744,0.265908595,-0.00257732,0.438941399,0.198522935
2020/2/16,0.020916392,0.182596761,0.238226202,0.023255814,0.449149338,0.168316886
2020/2/23,0.068698592,0.195140901,0.248254673,0.123737374,0.504725898,0.18256734
2020/3/1,-0.057591961,0.183902354,0.12335779,-0.068164794,0.470321361,0.132087734
2020/3/8,0.061562871,0.195223911,0.15609876,0.088424437,0.511909263,0.102691905
2020/3/15,-0.060456697,0.183421318,0.07672359,-0.05465288,0.483931947,0.076995576
2020/3/22,-0.051768546,0.173925863,-0.012678981,-0.025,0.471833648,0.045121525
2020/3/29,-0.0102972,0.172134913,-0.017192361,-0.060096154,0.443478261,0.041399142
2020/4/5,-0.017756429,0.169078412,-0.101879852,-0.040920716,0.425330813,-0.009637114
2020/4/12,0.016163334,0.171811283,-0.063026569,0.034666667,0.440075614,0.01373861
2020/4/19,0.013927887,0.174204251,-0.081460352,0.009450172,0.444234405,0.007458716
2020/4/26,-0.006934055,0.172996309,-0.062784512,0.005106383,0.446502836,1.48E-16
2020/5/3,0.025797084,0.177459109,-0.064276759,0.00762066,0.449905482,-0.00993451
2020/5/10,0.108018858,0.19662804,0.109526773,0.249579832,0.562192817,0.07231408
2020/5/17,-0.001987086,0.196237323,0.132872021,0.016812374,0.571644612,0.088912966
2020/5/24,-0.030314215,0.190288542,0.12436958,-0.046957672,0.544801512,0.084300629
2020/5/31,0.018271015,0.193765307,0.123611069,0.028452464,0.560302457,0.081944988
2020/6/7,0.035282801,0.20060189,0.203120974,0.038461538,0.581852552,0.12808309
2020/6/14,0.002740845,0.201151708,0.17596867,0.00259909,0.583364839,0.119231296
2020/6/21,0.027895114,0.206762858,0.158211938,0.034348671,0.603402647,0.117759785
2020/6/28,0.005474347,0.20789475,0.175965922,-0.003759398,0.601134216,0.130471118
2020/7/5,0.007323349,0.209417235,0.18662073,-0.138993711,0.51758034,0.108380498
2020/7/12,0.093173013,0.22892927,0.313785887,0.143900657,0.592060491,0.17549538
2020/7/19,-0.049565069,0.217582375,0.263297177,-0.062579821,0.555009452,0.152874825
2020/7/26,-0.004885712,0.21651933,0.254231621,0.003405995,0.556899811,0.162373824
2020/8/2,0.046920247,0.226678471,0.326706304,0.051595384,0.58563327,0.184340138
2020/8/9,0.01628582,0.230370116,0.385450387,0.051000646,0.615500945,0.224962464
2020/8/16,-0.013503959,0.227259207,0.344183385,-0.041769042,0.58979206,0.195416462
2020/8/23,0.000818626,0.227445247,0.310066709,0.001282051,0.590548204,0.179726478
2020/8/30,0.009327058,0.229566642,0.322064844,-0.032010243,0.571644612,0.167785995
2020/9/6,-0.03331333,0.221919013,0.222769105,-0.102513228,0.513043478,0.054303047
2020/9/13,-0.048758204,0.21109864,0.155881813,-0.092114959,0.465784499,0.007109922
2020/9/20,0.026279115,0.216646126,0.191405855,0.034902597,0.482041588,0.021042584
2020/9/27,-0.043405702,0.207242449,0.188249296,-0.061176471,0.452551985,0.026959493
2020/10/4,0.001844565,0.207624721,0.201648871,-0.01336675,0.446502836,0.027646643
2020/10/11,0.027802056,0.213397115,0.204539089,0.043183743,0.465784499,0.035661737
2020/10/18,0.014896446,0.216575974,0.235261888,-0.008928571,0.461625709,0.044627485
2020/10/25,-0.028961107,0.210303694,0.200368128,-0.060606061,0.433648393,0.024412171
2020/11/1,-0.014804954,0.207190157,0.195186395,-0.052310375,0.410964083,-0.002444252
2020/11/8,-0.016353208,0.203801933,0.173997254,-0.091076357,0.373534972,-0.034579923
2020/11/15,-0.001982028,0.203397992,0.201481259,0.015182186,0.379206049,-0.015264885
2020/11/22,0.019891837,0.207443952,0.219322599,0.027916251,0.38979206,-0.015785778
2020/11/29,-0.007068884,0.205977555,0.217309219,-0.039767216,0.374291115,-0.028385936
2020/12/6,0.0157779,0.209227448,0.207777401,0.006060606,0.376559546,-0.039112236
2020/12/13,-0.036266406,0.20163952,0.153911173,-0.047188755,0.35879017,-0.060832388
2020/12/20,0.017292588,0.20512639,0.149680337,-0.007376185,0.356143667,-0.077059707
2020/12/27,0.003752932,0.205896215,0.153363435,-0.020169851,0.348960302,-0.084412887
2021/1/3,0.022477913,0.210524332,0.166710574,-0.024918743,0.34026465,-0.073193887
2021/1/10,0.005630478,0.211709685,0.155298853,-0.22,0.265406427,-0.170844522
2021/1/17,-0.012794474,0.209000971,0.141661612,-0.044159544,0.2536862,-0.188731354
2021/1/24,0.021169047,0.213425322,0.190982987,0.049180328,0.266162571,-0.167613091
2021/1/31,-0.052341662,0.202254286,0.138641326,-0.105113636,0.238185255,-0.204632603
2021/2/7,-0.02329354,0.197543068,0.131007697,-0.220634921,0.18563327,-0.286864285
2021/2/14,0.04705204,0.206837872,0.157143346,-0.034623218,0.179206049,-0.306273059
2021/2/21,0.030763943,0.213201021,0.119208697,0.316455696,0.235916824,-0.253512067
2021/2/28,-0.043785963,0.203865809,0.133014696,0.16025641,0.273724008,-0.18043196
2021/3/7,0.012110319,0.206334689,0.083562144,0.124309392,0.307750473,-0.169619362
2021/3/14,-0.003219473,0.2056704,0.140799368,-0.047911548,0.293005671,-0.167250776
2021/3/21,-0.005159457,0.204609252,0.187408457,0.101935484,0.322873346,-0.126455452
2021/3/28,0.00119929,0.204854638,0.198904947,-0.009367681,0.319848771,-0.108933496
2021/4/4,-0.001773106,0.204491409,0.21488827,-0.050827423,0.303591682,-0.112394534
2021/4/11,-0.007900571,0.20287581,0.190824365,0.062266501,0.322495274,-0.10361936
2021/4/18,-0.009670296,0.200913941,0.167226182,0.010550996,0.325897921,-0.103256052
2021/4/25,0.017014413,0.204332373,0.19117465,-0.067285383,0.303969754,-0.128172516
2021/5/2,-0.008883184,0.202517251,0.156494382,-0.001243781,0.303591682,-0.131117957
2021/5/9,-0.133022701,0.175577859,-0.084547177,-0.252801993,0.2268431,-0.302528764
2021/5/16,0.021972598,0.179435761,-0.060587493,-0.001666667,0.226465028,-0.30864232
2021/5/23,0.000117414,0.179456829,-0.030155864,-0.030050083,0.219659735,-0.302780613
2021/5/30,0.031572067,0.185122652,-0.016854812,0.005163511,0.220793951,-0.310415608
2021/6/6,0.006720411,0.186366753,-0.045417202,0.063356164,0.234782609,-0.302519017
2021/6/13,0.005434449,0.187379553,-0.042723598,0.062801932,0.24952741,-0.283081339
2021/6/20,-0.01089742,0.1853376,-0.081516131,0.045454545,0.260869565,-0.279521393
2021/6/27,0.023433613,0.189680729,-0.063556865,0.002898551,0.261625709,-0.277301113
2021/7/4,-0.047346158,0.180700076,-0.118226372,-0.242774566,0.198109641,-0.320114714
2021/7/11,0.023214421,0.184894923,-0.188184964,0.173664122,0.232514178,-0.311552536
2021/7/18,0.012856009,0.187271934,-0.125763886,0.055284553,0.24536862,-0.272074497
2021/7/25,0.016362284,0.19033613,-0.104515889,0.084745763,0.266162571,-0.246092687
2021/8/1,-0.034526276,0.183764533,-0.185962412,0.056818182,0.281285444,-0.244441269
2021/8/8,0.024142212,0.188201015,-0.17810602,0.024193548,0.288090737,-0.253053664
2021/8/15,0.019190491,0.191812685,-0.145411571,0.085301837,0.312665406,-0.211545468
2021/8/22,-0.025947122,0.186835698,-0.172177319,0.014510278,0.317202268,-0.207170541
2021/8/29,0.031209272,0.192666704,-0.150295105,0.087008343,0.344801512,-0.168516189
2021/9/5,-0.064693105,0.180202496,-0.181674881,-0.105263158,0.308506616,-0.169539102
2021/9/12,0.042791353,0.187913605,-0.090125323,0.083333333,0.334215501,-0.110645694
2021/9/19,-0.028539013,0.182550736,-0.144943452,-0.023755656,0.326275992,-0.130095589
2021/9/26,-0.003218598,0.181963179,-0.104756348,-0.005793743,0.324385633,-0.110989869
2021/10/3,-0.030142496,0.176478354,-0.136743409,-0.155011655,0.274102079,-0.162648387
2021/10/10,0.005934544,0.177525673,-0.158610921,-0.022068966,0.26805293,-0.184179539
2021/10/17,-0.012591754,0.175290313,-0.186099122,-0.086036671,0.244990548,-0.211178259
2021/10/24,0.016642028,0.178207499,-0.140495987,0.047839506,0.256710775,-0.17476133
2021/10/31,-0.006465513,0.177055297,-0.132156546,0.020618557,0.262003781,-0.150048963
2021/11/7,-0.017947265,0.173877638,-0.133750602,0.021645022,0.267674858,-0.111079535
2021/11/14,0.028855406,0.178894948,-0.102913168,0.111581921,0.297542533,-0.080840847
2021/11/21,0.010842892,0.180834687,-0.111962114,0.041931385,0.310018904,-0.076326715
2021/11/28,0.008994121,0.182461136,-0.095899109,0.052439024,0.326275992,-0.045763417
2021/12/5,0.013372645,0.184901124,-0.098304364,0.022016222,0.333459357,-0.040518401
2021/12/12,0.004163806,0.185671016,-0.057874152,-0.06462585,0.311909263,-0.046675137
2021/12/19,-0.004086937,0.18491219,-0.079253677,0.046060606,0.326275992,-0.029196861
2021/12/26,-0.008935916,0.183259831,-0.091942525,-0.018539977,0.320226843,-0.028642847
2022/1/2,0.016758567,0.186331003,-0.097661871,0.063754427,0.340642722,0.000370165
2022/1/9,-0.091123741,0.169351825,-0.19441609,-0.400665927,0.20415879,-0.087454755
2022/1/16,-0.008644797,0.167887812,-0.190266413,0.042592593,0.212854442,-0.058496503
2022/1/23,-0.015454763,0.165293146,-0.226890223,-0.177619893,0.175047259,-0.139683767
2022/1/30,-0.056164918,0.15600947,-0.230713479,-0.118790497,0.154253308,-0.144817548
2022/2/6,0,0.15600947,-0.207419939,0,0.154253308,-0.061725651
2022/2/13,0.016237668,0.1585427,-0.238234311,0.083333333,0.16710775,-0.023299147
2022/2/20,0.018001899,0.16139677,-0.250996355,0.015837104,0.169754253,-0.10970916
2022/2/27,-0.005407874,0.160523956,-0.212618267,0.051224944,0.178449905,-0.142604136
2022/3/6,-0.012073511,0.158585869,-0.236802097,0.042372881,0.186011342,-0.167827217
2022/3/13,-0.042791322,0.15179977,-0.276373946,-0.046747967,0.17731569,-0.167420087
2022/3/20,-0.014113169,0.149657394,-0.285327658,-0.117270789,0.156521739,-0.241355073
2022/3/27,-0.013439901,0.147646013,-0.299966849,0.048309179,0.164083176,-0.222491609
2022/4/3,0.015209215,0.149891593,-0.282984528,-0.013824885,0.161814745,-0.209743839
2022/4/10,-0.017322817,0.147295049,-0.292406773,-0.077102804,0.149338374,-0.256624594
2022/4/17,-0.02683106,0.143342966,-0.309567536,-0.111392405,0.132703214,-0.299489682
2022/4/24,-0.045615893,0.136804249,-0.372197842,-0.03988604,0.127410208,-0.28983878
2022/5/1,-0.008990137,0.13557436,-0.372304795,-0.115727003,0.112665406,-0.330420409
2022/5/8,0.009851578,0.136909981,-0.229430516,0.406040268,0.158412098,-0.119686245
2022/5/15,0.038194019,0.142139124,-0.213209094,0.131264916,0.179206049,-0.078018092
2022/5/22,0.025134461,0.145711714,-0.188192047,0.025316456,0.183742911,-0.059514044
2022/5/29,-0.007634191,0.144599323,-0.227398305,0.051440329,0.193194707,-0.044510464
2022/6/5,0.030339202,0.148986351,-0.203779514,0.054794521,0.203780718,-0.04720517
2022/6/12,0.027869673,0.153138552,-0.18134429,-0.016697588,0.200378072,-0.073120943
2022/6/19,0.015469582,0.155507541,-0.154977289,0.00754717,0.201890359,-0.08543192
2022/6/26,0.017494971,0.158228141,-0.160915932,-0.005617978,0.200756144,-0.088274645
2022/7/3,0.026877715,0.162480952,-0.086692058,0.099811676,0.220793951,0.036136433
2022/7/10,-0.007328424,0.161290223,-0.117234903,0.003424658,0.221550095,-0.016100826
2022/7/17,-0.032472837,0.156052672,-0.162563748,0.013651877,0.224574669,-0.029517799
2022/7/24,0.018254576,0.158901347,-0.160671456,0.127946128,0.253308129,-0.016500215
2022/7/31,0.000595594,0.158995988,-0.125549587,0.064179104,0.269565217,-0.014186538
2022/8/7,-0.008992132,0.157566275,-0.158683931,-0.016830295,0.265028355,-0.02781289
2022/8/14,0.018802999,0.160528993,-0.159071423,0.054208274,0.279395085,-0.037502258
2022/8/21,-0.004311362,0.159836895,-0.137435663,0.027063599,0.286956522,-0.033402976
2022/8/28,-0.022411032,0.156254785,-0.191055967,-0.054018445,0.271455577,-0.079723474
2022/9/4,0.010810231,0.157943935,-0.115552631,0.200557103,0.325897921,0.018280305
2022/9/11,0.017214723,0.160662896,-0.141129261,0.022041763,0.333081285,-0.001133146
2022/9/18,-0.055503815,0.151745493,-0.168094062,-0.095346198,0.301323251,-0.026520004
2022/9/25,-0.016604006,0.14922591,-0.18147947,-0.007528231,0.29905482,-0.027102044
2022/10/2,-0.031188204,0.144571822,-0.182525178,-0.08091024,0.274858223,0.000918274
2022/10/9,0,0.144571822,-0.188459722,0,0.274858223,0.008356984
2022/10/16,0.037876163,0.150047647,-0.137991804,0.129298487,0.310396975,0.078877471
2022/10/23,-0.008219825,0.148814282,-0.162853657,0.052375152,0.326654064,0.080317214
2022/10/30,-0.039538857,0.142930335,-0.195927001,0.006944444,0.328922495,0.075821071
2022/11/6,0.100191612,0.157250756,-0.077788123,0.213793103,0.399243856,0.133266457
2022/11/13,0.002627532,0.157663938,-0.104015997,-0.011363636,0.394706994,0.094195507
2022/11/20,0.008184536,0.158954344,-0.106674352,0.021072797,0.403024575,0.087454755
2022/11/27,-0.013747844,0.156769064,-0.129416317,-0.028142589,0.39168242,0.060902577
2022/12/4,0.024423069,0.160597846,-0.118365893,0.02027027,0.399621928,0.060332643
2022/12/11,0.012845047,0.162660733,-0.109684652,-0.039735099,0.383742911,0.069086835
2022/12/18,-0.01536428,0.160161568,-0.120961996,-0.025615764,0.373913043,0.045426547
2022/12/25,-0.048247159,0.152434227,-0.160273238,-0.085945399,0.341776938,0.021709555
2023/1/1,0.01437145,0.154624928,-0.162660355,0.024336283,0.350094518,0.009122992
2023/1/8,0.046637077,0.161836183,-0.024899537,0.064794816,0.372778828,0.200695738
2023/1/15,0.008836417,0.163266235,-0.007418323,-0.029411765,0.361814745,0.176841254
2023/1/22,0.029456356,0.168075463,0.037492797,0.043887147,0.377693762,0.256342575
2023/1/29,0,0.168075463,0.093657714,0,0.377693762,0.298495868
2023/2/5,0.015114894,0.170615906,0.108772608,0.08008008,0.407939509,0.324174264
2023/2/12,0.002843976,0.171101134,0.095378916,0.031510658,0.420793951,0.307834823
2023/2/19,-0.014270376,0.168659456,0.063106641,-0.007187781,0.417769376,0.300192575
2023/2/26,0.011796394,0.170649029,0.080310909,0.027149321,0.429111531,0.292469648
2023/3/5,0.010684785,0.172472378,0.103069206,-0.000881057,0.428733459,0.278342589
2023/3/12,-0.033392095,0.166713164,0.112468433,-0.007936508,0.425330813,0.291645182
2023/3/19,-0.002849584,0.1662381,0.123732018,-0.008888889,0.421550095,0.330247903
2023/3/26,0.022251859,0.169937207,0.159423779,0.030493274,0.434404537,0.324534248
2023/4/2,0.007396899,0.171194216,0.151611463,0.015665796,0.44120983,0.334356146
2023/4/9,0.020675374,0.17473372,0.189609653,0.035132819,0.456710775,0.372611871
2023/4/16,-0.008107817,0.173317011,0.208332896,-0.013245033,0.450661626,0.407533875
2023/4/23,-0.012665083,0.171121937,0.241283705,-0.02852349,0.437807183,0.411455576
2023/4/30,0.015540346,0.173781231,0.265814188,0.071675302,0.469187146,0.475526433
2023/5/7,0.016809114,0.176702339,0.272771725,0.098307816,0.515311909,0.393190837
2023/5/14,-0.018478086,0.173437218,0.216099619,-0.019809244,0.50510397,0.345409344
2023/5/21,0.00529739,0.174355983,0.196262547,0.01497006,0.512665406,0.342028615
2023/5/28,-0.016116841,0.171545915,0.187779898,-0.000737463,0.512287335,0.325062381
