,S0031510,S0105912,M0049225,HSI
2006-06-25,399.56,3434.2667,1018.6,15808.81
2006-07-02,401.21,3632.5216,1054.47,16267.62
2006-07-09,401.92,4048.3875,1077.43,16459.78
2006-07-16,408.75,4149.8611,1128.8,16135.71
2006-07-23,401.71,3728.7162,1156.17,16464.18
2006-07-30,404.04,3837.9559,1141.91,16955.04
2006-08-06,404.81,3975.2762,1077.22,16887.8
2006-08-13,405.77,4082.2107,1115.46,17249.95
2006-08-20,403.23,3905.1552,1149.06,17330.7
2006-08-27,403.71,3953.6556,1167.6,16955.45
2006-09-03,402.99,4074.0299,1245.84,17423.72
2006-09-10,407.36,4317.8005,1245.1,17145.76
2006-09-17,401.01,4018.7092,1280.99,17237.65
2006-09-24,403.7,4132.2586,1334.41,17600.65
2006-10-01,410.13,4141.6234,1331.78,17543.05
2006-10-08,411.38,4141.6234,1331.78,
2006-10-15,416.24,4112.9787,1268.1,17988.86
2006-10-22,419.2,4212.548,1306.29,18113.55
2006-10-29,427.82,4130.6537,1318.27,18297.55
2006-11-05,429.69,3984.132,1329.37,18749.69
2006-11-12,439.02,3994.9445,1367.59,18891.14
2006-11-19,436.81,3689.3268,1486.03,19182.71
2006-11-26,440.81,3920.3169,1561.49,19260.3
2006-12-03,445.16,3880.634,1705.29,18690.82
2006-12-10,444.18,3818.0936,1628.64,18739.99
2006-12-17,446.98,3769.7104,1811.8,19110.65
2006-12-24,445.34,3535.5595,1881.27,19320.52
2006-12-31,449.32,3615.0035,1942.13,19964.72
2007-01-07,438.87,3302.0462,1940.8,20211.28
2007-01-14,440.13,3260.4598,2062.86,19613.41
2007-01-21,439.7,3098.1008,2099.29,20327.72
2007-01-28,443.99,3266.4955,2240.2,20281.13
2007-02-04,436.32,3208.1891,1910.99,20563.68
2007-02-11,437.88,3155.4396,2011.07,20677.66
2007-02-18,444.46,3412.8635,2250.12,20567.91
2007-02-25,450.45,3412.8635,2250.12,
2007-03-04,447.57,3523.3267,2190.23,19442.01
2007-03-11,457.47,3522.4962,2372.46,19134.88
2007-03-18,459.0,3751.8366,2438.03,18953.5
2007-03-25,461.19,3820.6952,2539.76,19692.64
2007-04-01,462.99,3875.2279,2575.64,19800.93
2007-04-08,468.76,4150.2757,2775.95,20209.71
2007-04-15,477.03,4354.7198,2906.29,20340.97
2007-04-22,479.39,4440.3717,3032.95,20566.59
2007-04-29,475.94,4161.172,3163.8,20526.5
2007-05-06,486.71,4327.5945,3223.51,20841.08
2007-05-13,487.9,4231.8863,3551.66,20468.21
2007-05-20,484.03,3720.4267,3883.35,20904.84
2007-05-27,485.97,3759.4791,4319.27,20520.66
2007-06-03,488.67,4023.537,4131.63,20602.87
2007-06-10,491.93,3913.4115,4120.2,20509.15
2007-06-17,495.55,3841.0085,4360.06,21017.05
2007-06-24,493.42,3890.116,4431.65,21999.91
2007-07-01,495.4,3878.7877,4091.27,21772.73
2007-07-08,499.22,3960.6059,4035.82,22531.74
2007-07-15,501.97,3909.0908,4290.08,23099.29
2007-07-22,507.37,4129.0907,4880.0,23291.9
2007-07-29,502.51,4068.2824,5329.24,22570.41
2007-08-05,501.51,4092.7732,6040.29,22538.44
2007-08-12,498.31,3878.9492,5919.26,21792.71
2007-08-19,484.99,3710.2992,5657.51,20387.13
2007-08-26,490.22,3894.6095,6372.36,22921.89
2007-09-02,494.58,3957.4833,6391.01,23984.14
2007-09-09,489.92,3914.0607,6161.0,23982.61
2007-09-16,496.6,3968.3389,6161.92,24898.11
2007-09-23,505.83,4041.916,5980.93,25843.78
2007-09-30,510.06,4094.2099,6015.27,27142.47
2007-10-07,509.77,4094.2099,6015.27,
2007-10-14,510.12,4023.8275,6084.63,28838.37
2007-10-21,516.91,3991.9449,5822.51,29465.05
2007-10-28,515.99,3954.326,6020.81,30405.22
2007-11-04,515.42,3837.3778,6481.73,30468.34
2007-11-11,515.83,3745.2374,5924.97,28783.41
2007-11-18,515.24,3504.9496,5790.29,27614.43
2007-11-25,508.96,3364.6312,5430.71,26541.09
2007-12-02,510.07,3547.4295,5200.46,28643.61
2007-12-09,502.69,3479.7025,5573.34,28842.47
2007-12-16,499.6,3342.4181,5141.43,27563.6406
2007-12-23,504.44,3548.0396,5066.44,27626.92
2007-12-30,505.03,3522.2249,5353.37,27370.6
2008-01-06,511.26,3701.6231,5636.97,27519.69
2008-01-13,503.98,3869.9912,5944.27,26867.0098
2008-01-20,504.5,3741.8581,5524.75,25201.87
2008-01-27,500.22,3766.4514,5324.61,25122.3691
2008-02-03,504.57,3825.1948,5019.82,24123.58
2008-02-10,509.61,3907.0606,5318.15,23469.46
2008-02-17,515.72,4006.4244,5145.15,24148.43
2008-02-24,526.21,4232.4771,4922.33,23305.04
2008-03-02,547.05,4279.1927,4851.65,24331.6699
2008-03-09,544.72,4300.3399,4869.96,22501.3301
2008-03-16,548.94,4192.1161,4333.41,22237.1094
2008-03-23,535.44,4026.058,4560.26,21108.2207
2008-03-30,539.71,4138.1594,4754.61,23285.9492
2008-04-06,536.14,4136.9084,4215.64,24264.6309
2008-04-13,542.71,4095.0014,4390.19,24667.7891
2008-04-20,521.24,4034.3301,3496.95,24197.7793
2008-04-27,525.0,4071.0578,3973.5,25516.7793
2008-05-04,518.45,4100.5354,4075.16,26241.0195
2008-05-11,522.65,3968.8266,3850.46,25063.1699
2008-05-18,516.61,3953.147,3834.1,25618.8594
2008-05-25,508.81,3936.213,3467.4,24714.0703
2008-06-01,496.32,3822.0735,3463.34,24533.1191
2008-06-08,498.42,3827.1224,3450.7,24402.1797
2008-06-15,496.18,3804.4021,2857.28,22592.3008
2008-06-22,500.03,3963.4447,2554.04,22745.5996
2008-06-29,503.62,3945.779,2567.05,22042.3496
2008-07-06,500.91,3993.7056,2597.76,21423.8203
2008-07-13,501.28,3977.8877,2901.68,22184.5508
2008-07-20,492.6,3944.9864,2618.61,21874.1895
2008-07-27,488.25,3888.042,2862.37,22740.7109
2008-08-03,487.91,3910.385,2739.64,22862.5996
2008-08-10,477.57,3753.1804,2375.12,21885.2109
2008-08-17,469.36,3629.7079,2219.54,21160.5801
2008-08-24,479.46,3885.1018,2149.78,20392.0605
2008-08-31,468.74,3784.1589,2164.13,21261.8906
2008-09-07,459.8,3654.5158,1990.69,19933.2793
2008-09-14,462.76,3641.616,1783.39,19352.9004
2008-09-21,447.88,3455.401,1828.24,19327.7305
2008-09-28,448.01,3511.146,1993.68,18682.0898
2008-10-05,433.78,3511.146,1993.68,
2008-10-12,400.72,2888.0097,1755.72,14796.8701
2008-10-19,397.22,2504.3894,1876.59,14554.21
2008-10-26,368.0,2240.1673,1819.78,12618.3799
2008-11-02,361.02,2075.0142,1655.49,13968.6699
2008-11-09,357.91,1967.9593,1597.48,14243.4297
2008-11-16,353.6,1982.4977,1937.49,13542.6602
2008-11-23,343.51,1843.7228,2057.85,12659.2002
2008-11-30,343.27,1897.4159,1961.97,13888.2402
2008-12-07,316.34,1681.5993,2203.27,13846.0898
2008-12-14,317.42,1653.0053,2139.6,14758.3896
2008-12-21,322.84,1598.5405,2257.42,15127.5098
2008-12-28,322.43,1572.8794,1921.72,14184.1396
2009-01-04,330.21,1675.4891,1871.33,15042.8096
2009-01-11,342.17,1917.2543,2032.15,14377.4404
2009-01-18,342.55,1948.1777,2069.66,13255.5098
2009-01-25,338.09,1831.5367,2113.24,12578.5996
2009-02-01,337.2,1831.5367,2113.24,
2009-02-08,341.23,2029.3681,2367.03,13655.04
2009-02-15,341.06,2014.6083,2719.11,13554.6699
2009-02-22,333.73,1888.1073,2564.71,12699.1699
2009-03-01,334.99,1981.3032,2308.2,12811.5703
2009-03-08,333.95,2119.3186,2631.44,11921.52
2009-03-15,325.31,2064.9511,2533.79,12525.7998
2009-03-22,329.01,2326.7674,2760.62,12833.5098
2009-03-29,335.82,2376.8516,2903.37,14119.5
2009-04-05,346.35,2452.6801,2997.5,14545.6904
2009-04-12,350.88,2760.394,3012.25,14901.4102
2009-04-19,360.69,2839.9026,3101.98,15601.2695
2009-04-26,363.97,2549.3348,2970.04,15258.8496
2009-05-03,365.62,2641.323,3122.53,15520.9902
2009-05-10,375.56,2839.7871,3556.0,17389.8691
2009-05-17,380.53,2618.7039,3610.79,16790.6992
2009-05-24,382.98,2646.4305,3492.04,17062.5195
2009-05-31,393.14,2712.8284,3488.34,18171.0
2009-06-07,400.57,2999.6016,3801.98,18679.5293
2009-06-14,408.53,3011.9846,3750.56,18889.6797
2009-06-21,399.74,2842.9929,4113.8,17920.9297
2009-06-28,407.15,2945.5416,4202.49,18600.2598
2009-07-05,406.63,2899.7571,4875.97,18203.4004
2009-07-12,402.91,2872.0431,4852.12,17708.4199
2009-07-19,414.59,3044.8908,4878.84,18805.6602
2009-07-26,425.09,3187.2518,4988.54,19982.7891
2009-08-02,427.79,3295.3467,4684.61,20573.3301
2009-08-09,443.2,3401.1305,4471.78,20375.3691
2009-08-16,451.06,3659.3887,4484.66,20893.3301
2009-08-23,444.45,3422.2872,3995.5,20199.0195
2009-08-30,447.83,3704.1887,3785.12,20098.6191
2009-09-06,450.29,3614.3415,3911.49,20318.6191
2009-09-13,458.66,3593.8884,4146.51,21161.4199
2009-09-20,439.4,3556.6347,4052.85,21623.4492
2009-09-27,429.34,3449.2563,3815.55,21024.4004
2009-10-04,423.67,3520.1115,3749.98,20375.4902
2009-10-11,429.85,3566.8612,3936.48,21499.4395
2009-10-18,431.59,3568.8935,4183.58,21929.9004
2009-10-25,438.17,3755.4593,4556.03,22589.7305
2009-11-01,440.25,3745.9481,4250.0,21752.8691
2009-11-08,444.92,3741.5583,4519.69,21829.7207
2009-11-15,452.2,3732.3337,4517.55,22553.6309
2009-11-22,461.53,3910.5,4743.26,22455.8398
2009-11-29,466.65,3896.6613,4444.87,21134.5
2009-12-06,480.71,4050.2625,4670.72,22498.1504
2009-12-13,476.76,3930.7537,4619.25,21902.1094
2009-12-20,479.74,4019.8421,4014.19,21175.8809
2009-12-27,483.74,4174.1171,4033.14,21517.0
2010-01-03,483.49,4336.5369,4150.54,21872.5
2010-01-10,497.47,4385.5564,4011.4,22296.75
2010-01-17,494.72,4372.5493,3970.32,21654.1602
2010-01-24,492.16,4296.1042,3830.88,20726.1797
2010-01-31,474.36,4017.9103,3621.5,20121.9902
2010-02-07,464.16,3758.3404,3631.42,19665.0801
2010-02-14,474.3,4078.6453,3703.83,20268.6895
2010-02-21,484.21,4078.6453,3703.83,
2010-02-28,486.41,4195.7717,3804.59,20608.6992
2010-03-07,497.45,4316.9692,3756.33,20787.9707
2010-03-14,500.81,4296.7796,3753.45,21209.7402
2010-03-21,504.37,4342.9273,3950.67,21370.8203
2010-03-28,501.93,4337.8799,3881.65,21053.1094
2010-04-04,505.72,4527.2805,4120.77,21537.0
2010-04-11,506.57,4515.3868,3936.82,22208.5
2010-04-18,513.29,4473.7704,3726.35,21865.2598
2010-04-25,514.37,4348.2034,3311.6,21244.4902
2010-05-02,509.42,4208.286,3198.07,21108.5898
2010-05-09,492.8,3908.0426,2890.03,19920.2891
2010-05-16,490.45,4038.454,2927.57,20145.4297
2010-05-23,483.15,3845.7031,2907.82,19545.8301
2010-05-30,481.4,3996.8943,2981.44,19766.71
2010-06-06,469.41,3799.6614,2901.96,19780.0703
2010-06-13,475.78,3685.65,2937.52,19872.3809
2010-06-20,476.44,3651.9486,2930.97,20286.7109
2010-06-27,482.8,3813.2854,3005.89,20690.7891
2010-07-04,473.48,3756.019,2804.16,19905.3203
2010-07-11,473.19,3860.0747,2947.89,20378.6602
2010-07-18,469.93,3822.6541,2965.41,20250.1602
2010-07-25,476.01,3986.7289,3168.04,20815.3301
2010-08-01,486.96,4049.3363,3314.48,21029.8105
2010-08-08,498.17,4162.3208,3276.5,21678.8008
2010-08-15,497.92,4126.3333,3344.87,21071.5703
2010-08-22,498.98,4106.1802,3319.14,20981.8203
2010-08-29,503.61,4163.7628,3235.9,20597.3496
2010-09-05,509.85,4308.4065,3220.18,20971.5
2010-09-12,511.1,4230.0065,3123.56,21257.3906
2010-09-19,520.49,4322.7918,3089.52,21970.8594
2010-09-26,526.06,4303.3716,3052.39,22119.4297
2010-10-03,529.0,4358.7552,3143.79,22358.1699
2010-10-10,532.63,4359.4744,3186.09,22944.18
2010-10-17,539.94,4584.671,3432.19,23757.63
2010-10-24,545.82,4505.7363,3334.36,23517.54
2010-10-31,543.0,4474.1308,3452.79,23096.32
2010-11-07,558.52,4822.1847,3566.86,24876.82
2010-11-14,563.2,4696.961,3244.73,24222.58
2010-11-21,557.01,4580.3241,3179.32,23605.71
2010-11-28,548.64,4414.1704,3192.37,22877.25
2010-12-05,567.46,4705.8903,3199.39,23320.52
2010-12-12,575.57,4848.2329,3108.19,23162.91
2010-12-19,574.67,4894.7268,3225.15,22714.85
2010-12-26,577.95,4931.9218,3356.01,22833.8
2011-01-02,583.81,5139.3558,3149.13,23035.45
2011-01-09,581.98,4961.8975,3350.98,23686.63
2011-01-16,590.69,5087.7734,3336.18,24283.23
2011-01-23,596.44,5046.5308,3135.87,23876.86
2011-01-30,606.22,5100.5728,3090.8,23617.02
2011-02-06,612.54,5329.5404,3106.74,23908.96
2011-02-13,616.64,5328.1553,3194.78,22828.92
2011-02-20,620.12,5209.1148,3236.97,23595.24
2011-02-27,616.69,5120.2389,3225.29,23012.37
2011-03-06,625.2,5270.4815,3338.08,23408.86
2011-03-13,612.6,4882.5312,3338.73,23249.78
2011-03-20,618.02,5057.1875,3331.83,22300.23
2011-03-27,626.76,5096.6251,3522.02,23158.67
2011-04-03,624.97,4961.3912,3510.94,23801.9
2011-04-10,635.89,5152.9725,3572.29,24396.07
2011-04-17,630.42,4988.8606,3572.18,24008.07
2011-04-24,627.9,5033.2342,3518.13,24138.31
2011-05-01,619.54,4896.5661,3339.51,23720.81
2011-05-08,603.27,4665.8897,3338.44,23159.14
2011-05-15,601.35,4701.9771,3410.59,23276.27
2011-05-22,606.74,4779.8127,3384.57,23199.39
2011-05-29,606.74,4874.8107,3151.45,23118.07
2011-06-05,608.83,4862.3482,3108.14,22949.56
2011-06-12,606.48,4803.3632,3157.26,22420.37
2011-06-19,601.87,4855.9522,3142.94,21695.26
2011-06-26,596.98,4849.5563,3281.5,22171.95
2011-07-03,600.57,4977.4491,3379.07,22398.1
2011-07-10,602.73,5117.7191,3431.02,22726.43
2011-07-17,593.55,5101.3413,3352.12,21875.38
2011-07-24,594.83,5119.8554,3323.41,22444.8
2011-07-31,595.11,5156.751,3215.78,22440.25
2011-08-07,580.12,4866.4797,3192.01,20946.14
2011-08-14,568.72,4716.7309,3235.7,19620.01
2011-08-21,566.34,4713.4633,3143.55,19399.92
2011-08-28,567.82,4791.9168,3250.52,19582.88
2011-09-04,571.11,4819.628,3106.33,20212.91
2011-09-11,573.43,4804.7066,3051.3,19866.63
2011-09-18,568.19,4687.4666,3041.39,19455.31
2011-09-25,543.69,4058.897,2862.3,17668.83
2011-10-02,535.96,3904.4007,2693.05,17592.41
2011-10-09,537.95,3904.4007,2693.05,
2011-10-16,539.33,3991.3394,2741.63,18501.79
2011-10-23,531.63,3721.2595,2544.49,18025.72
2011-10-30,540.03,4246.5483,2842.62,20019.24
2011-11-06,529.5,4254.4322,2880.83,19842.79
2011-11-13,531.03,3985.6633,2789.13,19137.17
2011-11-20,527.48,4012.8985,2690.26,18491.23
2011-11-27,521.36,3878.6982,2657.49,17689.48
2011-12-04,527.16,4202.2247,2674.58,19040.39
2011-12-11,525.89,4130.5712,2681.15,18586.23
2011-12-18,514.61,3956.8657,2546.14,18285.39
2011-12-25,515.46,4070.037,2508.6,18629.17
2012-01-01,516.84,4034.3285,2481.15,18434.39
2012-01-08,520.57,4073.6807,2375.27,18593.06
2012-01-15,527.46,4226.717,2487.73,19204.42
2012-01-22,533.71,4413.9138,2602.91,20110.37
2012-01-29,548.29,4413.9138,2602.91,
2012-02-05,550.3,4343.867,2610.62,20756.98
2012-02-12,548.41,4450.612,2697.36,20783.86
2012-02-19,544.02,4328.8582,2706.53,21491.62
2012-02-26,546.98,4319.4398,2976.59,21406.86
2012-03-04,546.86,4443.3285,3017.15,21562.26
2012-03-11,545.7,4376.3554,3015.83,21086.0
2012-03-18,547.9,4393.5857,2820.42,21317.85
2012-03-25,542.08,4339.3707,2794.7,20668.8
2012-04-01,540.37,4337.925,2767.14,20555.58
2012-04-08,537.52,4356.7195,2858.02,20593.0
2012-04-15,540.45,4190.8884,2992.34,20701.04
2012-04-22,535.78,4170.6669,3044.33,21010.64
2012-04-29,542.97,4223.3871,3115.34,20741.45
2012-05-06,532.17,4214.0012,3162.66,21086.0
2012-05-13,529.62,4146.5037,3061.18,19964.63
2012-05-20,521.72,4014.8916,3005.29,18951.85
2012-05-27,515.34,4021.8162,3087.48,18713.41
2012-06-03,510.05,3946.2755,3209.72,18558.34
2012-06-10,512.74,3851.8496,3105.31,18502.34
2012-06-17,516.88,4000.0256,3170.2,19233.94
2012-06-24,508.91,3947.7282,3121.39,18995.13
2012-07-01,502.17,4033.8031,3024.77,19441.46
2012-07-08,504.8,4068.8542,3171.33,19800.64
2012-07-15,500.75,4072.5054,3098.12,19092.63
2012-07-22,502.36,4088.5705,2934.55,19640.8
2012-07-29,498.53,4015.8546,2816.27,19274.96
2012-08-05,497.3,3966.7288,2736.0,19666.18
2012-08-12,508.48,4004.8563,2825.29,20136.12
2012-08-19,509.4,4022.0392,2741.24,20116.07
2012-08-26,517.87,4091.7568,2642.62,19880.03
2012-09-02,519.03,4077.0436,2588.62,19482.57
2012-09-09,522.95,4167.5301,2769.02,19802.16
2012-09-16,526.59,4440.461,2725.57,20629.78
2012-09-23,523.54,4392.3642,2558.25,20734.94
2012-09-30,530.57,4395.306,2678.78,20840.38
2012-10-07,527.47,4395.306,2678.78,
2012-10-14,518.11,4337.2118,2692.57,21136.43
2012-10-21,516.37,4298.9725,2773.32,21551.76
2012-10-28,502.42,4170.2828,2696.94,21545.57
2012-11-04,498.45,4163.8198,2909.08,22111.33
2012-11-11,505.23,4113.0773,2784.61,21384.38
2012-11-18,507.42,4099.1048,2708.92,21159.01
2012-11-25,507.17,4128.5207,2763.97,21913.98
2012-12-02,514.92,4213.6955,2708.25,22030.39
2012-12-09,518.56,4224.728,2873.27,22191.17
2012-12-16,524.2,4253.4076,3027.13,22605.98
2012-12-23,529.56,4172.5164,2957.15,22506.29
2012-12-30,529.7,4234.2846,3210.94,22666.59
2013-01-06,530.32,4282.9203,3309.56,23331.09
2013-01-13,532.04,4289.0815,3207.71,23264.07
2013-01-20,534.84,4284.6779,3349.34,23601.78
2013-01-27,541.19,4303.7601,3278.09,23580.43
2013-02-03,545.37,4363.0971,3361.28,23721.84
2013-02-10,538.11,4365.2911,3404.95,23215.16
2013-02-17,544.37,4365.2911,3404.95,
2013-02-24,533.74,4213.9064,3232.93,22782.44
2013-03-03,535.27,4147.6605,3322.45,22880.22
2013-03-10,540.3,4149.711,3052.66,23091.95
2013-03-17,544.13,4177.5025,2957.03,22533.11
2013-03-24,540.12,4070.582,3116.01,22115.3
2013-03-31,539.22,4011.4673,3027.54,22299.63
2013-04-07,533.83,3955.1326,3078.86,21726.9
2013-04-14,533.44,4037.6637,3066.97,22089.05
2013-04-21,529.23,3712.6827,3251.14,22013.57
2013-04-28,527.13,3791.785,3051.64,22547.71
2013-05-05,527.43,3749.3041,3141.49,22689.96
2013-05-12,526.96,3920.4981,3196.25,23321.22
2013-05-19,524.24,3888.21,3339.92,23082.68
2013-05-26,522.84,3882.3352,3359.34,22618.67
2013-06-02,524.1,3869.125,3406.13,22392.16
2013-06-09,527.34,3899.9489,3217.92,21575.26
2013-06-16,526.65,3789.6736,3116.89,20969.14
2013-06-23,518.64,3656.3917,2987.74,20263.31
2013-06-30,518.63,3577.5933,2867.75,20803.29
2013-07-07,520.24,3640.9266,2957.42,20854.67
2013-07-14,520.81,3674.4185,3045.8,21277.28
2013-07-21,520.29,3661.9688,2895.27,21362.42
2013-07-28,520.93,3698.9285,2911.29,21968.95
2013-08-04,520.56,3698.9285,3053.93,22190.97
2013-08-11,525.49,3808.3292,3077.16,21807.56
2013-08-18,529.39,3933.9923,3096.58,22517.81
2013-08-25,527.13,3904.3025,3031.91,21863.51
2013-09-01,521.86,3849.4646,3102.05,21731.37
2013-09-08,523.7,3841.3152,3119.22,22621.22
2013-09-15,519.55,3799.8275,3267.6,22915.28
2013-09-22,521.92,3828.7207,3148.64,23502.51
2013-09-29,519.48,3878.3578,3032.27,23207.04
2013-10-06,517.08,3911.6961,3057.5,23138.54
2013-10-13,514.06,3836.8701,3202.8,23218.32
2013-10-20,514.48,3878.6978,3107.91,23340.1
2013-10-27,514.44,3797.041,3013.13,22698.34
2013-11-03,514.98,3877.9555,3033.26,23249.79
2013-11-10,522.02,3822.2804,2953.25,22744.39
2013-11-17,519.99,3717.6112,2963.68,23032.15
2013-11-24,519.9,3762.9129,2975.94,23696.28
2013-12-01,524.69,3771.5465,3002.89,23881.29
2013-12-08,524.59,3794.6528,2989.15,23743.1
2013-12-15,530.22,3813.2869,3005.76,23245.96
2013-12-22,529.55,3828.9396,2818.97,22812.18
2013-12-29,533.31,3903.3191,2821.85,23243.24
2014-01-05,528.8,3868.3017,2797.38,22817.28
2014-01-12,526.37,3826.5789,2620.16,22846.25
2014-01-19,531.87,3866.6647,2591.79,23133.35
2014-01-26,528.16,3825.4877,2795.66,22450.06
2014-02-02,524.03,3801.611,2724.36,22035.42
2014-02-09,525.7,3807.5802,2744.41,21636.85
2014-02-16,527.06,3780.719,2831.59,22298.41
2014-02-23,529.39,3772.5114,2798.19,22568.24
2014-03-02,532.95,3679.8026,2640.46,22836.96
2014-03-09,536.7,3652.921,2722.88,22660.49
2014-03-16,533.73,3313.7606,2727.85,21539.49
2014-03-23,533.38,3382.2998,2872.82,21436.7
2014-03-30,539.23,3478.1454,2932.67,22065.53
2014-04-06,538.68,3508.4176,3000.2,22510.08
2014-04-13,540.36,3513.4262,2978.66,23003.64
2014-04-20,541.9,3484.8617,2950.67,22760.24
2014-04-27,543.82,3602.1263,2919.48,22223.53
2014-05-04,543.31,3581.8305,2861.94,22260.67
2014-05-11,541.35,3588.5958,2740.59,21862.99
2014-05-18,543.73,3668.352,2797.46,22712.91
2014-05-25,542.1,3694.4073,2878.8,22965.86
2014-06-01,541.09,3689.8556,2883.64,23081.65
2014-06-08,537.9,3661.0286,2848.88,22951.0
2014-06-15,533.24,3620.8226,2875.82,23319.17
2014-06-22,532.0,3698.9589,2808.03,23194.06
2014-06-29,530.54,3781.6469,2861.68,23221.52
2014-07-06,533.14,3930.7947,2921.21,23546.36
2014-07-13,530.82,3894.8376,2962.61,23233.45
2014-07-20,530.93,3805.3275,3040.62,23454.79
2014-07-27,531.09,3904.7832,3190.56,24216.01
2014-08-03,531.29,3880.3018,3199.55,24532.43
2014-08-10,528.85,3817.1538,3202.4,24331.41
2014-08-17,527.34,3755.723,3276.55,24954.94
2014-08-24,531.67,3897.7816,3324.82,25112.23
2014-08-31,529.92,3822.529,3252.49,24742.06
2014-09-07,529.0,3846.5762,3424.6,25240.15
2014-09-14,524.69,3750.86,3441.69,24595.32
2014-09-21,516.95,3764.75,3448.61,24306.16
2014-09-28,512.42,3728.33,3473.24,23678.41
2014-10-05,508.83,3739.85,3497.6,23064.56
2014-10-12,507.43,3677.77,3615.5,23088.54
2014-10-19,504.14,3639.62,3528.82,23023.21
2014-10-26,503.17,3722.04,3424.0,23302.2
2014-11-02,506.29,3753.35,3589.37,23998.06
2014-11-09,505.66,3707.0,3600.23,23550.24
2014-11-16,501.95,3704.65,3653.01,24087.38
2014-11-23,505.38,3737.64,3684.78,23437.12
2014-11-30,504.51,3648.92,4085.91,23987.45
2014-12-07,503.67,3656.36,4223.07,24002.64
2014-12-14,500.24,3679.36,4372.2,23249.2
2014-12-21,493.43,3640.49,4344.39,23116.63
2014-12-28,493.85,3643.39,4369.73,23349.34
2015-01-04,491.95,3666.61,4733.71,23857.82
2015-01-11,490.27,3542.52,4607.34,23919.95
2015-01-18,483.08,3285.54,4688.8,24103.52
2015-01-25,482.35,3283.14,4827.34,24850.45
2015-02-01,480.84,3152.25,4742.84,24507.05
2015-02-08,482.94,3360.3,4536.8,24679.39
2015-02-15,471.0,3396.59,4735.91,24682.54
2015-02-22,471.07,3403.04,4816.13,24832.08
2015-03-01,472.3,3460.15,4854.43,24823.29
2015-03-08,470.97,3415.17,4777.46,24164.0
2015-03-15,467.95,3466.96,4937.8,23823.21
2015-03-22,469.87,3402.22,5340.05,24375.24
2015-03-29,471.93,3551.77,5644.83,24486.2
2015-04-05,467.52,3510.43,5901.86,25275.64
2015-04-12,468.72,3530.7,6333.87,27272.39
2015-04-19,464.11,3543.68,6364.47,27653.12
2015-04-26,467.71,3512.86,6585.52,28060.98
2015-05-03,473.36,3601.66,6782.33,28133.0
2015-05-10,475.22,3740.71,6420.31,27577.34
2015-05-17,473.99,3746.41,6665.71,27822.28
2015-05-24,467.17,3670.73,7326.63,27992.83
2015-05-31,466.93,3614.26,7331.3,27424.19
2015-06-07,466.54,3491.82,8205.57,27260.16
2015-06-14,468.6,3465.72,8586.95,27280.54
2015-06-21,466.64,3411.07,7666.28,26760.53
2015-06-28,466.14,3450.22,7056.84,26663.87
2015-07-05,457.3,3468.05,5843.78,26064.11
2015-07-12,452.84,3304.12,5756.19,24901.28
2015-07-19,450.89,3313.95,6130.51,25415.27
2015-07-26,447.2,3115.01,6529.84,25128.51
2015-08-02,448.52,3154.4,5982.18,24636.28
2015-08-09,441.72,3131.84,6048.86,24552.47
2015-08-16,448.09,3237.42,6603.94,23991.03
2015-08-23,447.11,3211.85,5841.75,22409.62
2015-08-30,440.04,3248.97,5323.6,21612.39
2015-09-06,443.74,3227.66,4981.58,20840.61
2015-09-13,445.02,3404.84,5231.94,21504.37
2015-09-20,438.77,3367.61,4929.12,21920.83
2015-09-27,433.53,3226.16,4906.28,21186.32
2015-10-04,434.67,3191.29,4868.96,21506.09
2015-10-11,423.57,3328.12,5120.78,22458.8
2015-10-18,425.38,3281.81,5568.75,23067.37
2015-10-25,420.44,3295.09,5755.26,23151.94
2015-11-01,414.28,3224.54,5663.44,22640.04
2015-11-08,410.12,3163.72,5908.17,22867.33
2015-11-15,401.8,3013.97,5921.73,22396.14
2015-11-22,399.16,2904.16,6223.39,22754.72
2015-11-29,399.76,2943.26,5906.06,22068.32
2015-12-06,400.42,2886.6559,6467.3,22235.89
2015-12-13,401.67,2999.253,6349.67,21464.05
2015-12-20,401.02,2986.2942,6939.85,21755.56
2015-12-27,402.86,3030.4924,7055.12,22138.13
2016-01-03,404.71,3056.5196,6844.36,21914.4
2016-01-10,412.23,2983.16,6007.19,20453.71
2016-01-17,407.82,2909.58,5452.29,19520.77
2016-01-24,411.02,2942.19,5519.76,19080.51
2016-01-31,416.91,2983.16,5148.1,19683.11
2016-02-07,421.93,3040.71,5306.63,19288.17
2016-02-14,421.89,3040.71,5306.63,
2016-02-21,420.97,2973.25,5517.42,19285.5
2016-02-28,421.74,2984.9121,5270.72,19364.15
2016-03-06,426.51,3149.6465,5532.55,20176.7
2016-03-13,437.09,3130.2327,5242.21,20199.6
2016-03-20,438.71,3185.85,5563.36,20671.63
2016-03-27,444.09,3133.553,5645.29,20345.61
2016-04-03,440.43,3084.7519,5621.44,20498.92
2016-04-10,446.99,2971.9082,5631.26,20370.4
2016-04-17,451.04,3056.68,5816.01,21316.47
2016-04-24,457.12,3135.21,5546.13,21467.04
2016-05-01,456.43,3107.13,5546.48,21067.05
2016-05-08,452.75,3020.85,5528.51,20109.87
2016-05-15,453.49,2926.81,5292.1,19719.29
2016-05-22,450.57,2913.61,5245.01,19852.2
2016-05-29,450.3,2962.28,5252.2,20576.77
2016-06-05,453.32,2948.61,5417.42,20947.24
2016-06-12,451.93,2908.16,5411.85,21042.64
2016-06-19,451.77,2935.4,5330.67,20169.98
2016-06-26,450.52,2969.24,5287.73,20259.13
2016-07-03,453.47,3075.89,5425.04,20794.37
2016-07-10,451.7,2963.37,5340.82,20564.17
2016-07-17,460.86,3173.73,5418.83,21659.25
2016-07-24,459.7,3147.35,5340.48,21964.27
2016-07-31,458.72,3088.82,5202.94,21891.37
2016-08-07,460.89,3095.13,5456.31,22146.09
2016-08-14,455.84,3090.2,5694.33,22766.91
2016-08-21,455.79,3076.21,5952.13,22937.22
2016-08-28,455.11,3016.81,5714.52,22909.54
2016-09-04,456.98,3034.1982,5700.34,23266.7
2016-09-11,457.66,3030.7218,5681.58,24099.7
2016-09-18,454.29,3039.8256,5643.36,23335.59
2016-09-25,456.5,3133.3459,5798.71,23686.48
2016-10-02,461.48,3121.7596,5842.44,23297.15
2016-10-09,461.58,3121.7596,5842.44,
2016-10-16,457.3,3092.9628,5832.91,23233.31
2016-10-23,458.92,3077.2373,5792.29,23374.4
2016-10-30,464.86,3167.45,5810.14,22954.81
2016-11-06,472.02,3236.47,5824.06,22642.62
2016-11-13,487.95,3862.23,5941.26,22531.09
2016-11-20,486.39,3656.3,6025.28,22344.21
2016-11-27,489.85,3978.02,6190.72,22723.45
2016-12-04,491.34,3845.53,6119.16,22564.82
2016-12-11,497.69,3907.25,5985.43,22760.98
2016-12-18,497.9,3830.57,5811.64,22020.75
2016-12-25,492.91,3715.97,5666.65,21574.76
2017-01-01,493.21,3740.06,5659.3,22000.56
2017-01-08,495.1,3726.94,5700.28,22503.01
2017-01-15,504.96,3895.41,5612.3,22937.38
2017-01-22,504.66,3786.93,5539.53,22885.91
2017-01-29,507.23,3947.87,5592.84,23360.78
2017-02-05,507.62,3844.46,5578.41,23129.21
2017-02-12,505.55,3918.45,5685.22,23574.98
2017-02-19,504.93,3962.7,5651.19,24033.74
2017-02-26,504.73,3913.53,5751.4,23965.7
2017-03-05,506.76,3956.36,5695.96,23552.72
2017-03-12,507.55,3806.48,5755.37,23568.67
2017-03-19,514.89,3895.42,5823.54,24309.93
2017-03-26,512.18,3843.19,5758.81,24358.27
2017-04-02,514.96,3896.23,5615.75,24111.59
2017-04-09,512.52,3845.86,5821.52,24267.3
2017-04-16,503.31,3750.51,5971.05,24261.66
2017-04-23,502.49,3744.01,5712.9,24042.02
2017-04-30,504.37,3768.41,5607.8,24615.13
2017-05-07,499.83,3657.05,5476.77,24476.35
2017-05-14,505.15,3651.19,5315.45,25156.34
2017-05-21,504.38,3681.26,5394.48,25174.87
2017-05-28,506.11,3738.14,5390.89,25639.27
2017-06-04,505.64,3684.35,5457.54,25924.05
2017-06-11,502.52,3729.65,5567.0,26030.29
2017-06-18,500.52,3693.92,5491.88,25626.49
2017-06-25,501.57,3791.36,5596.25,25670.05
2017-07-02,506.35,3853.89,5626.73,25764.58
2017-07-09,505.24,3818.65,5617.36,25340.85
2017-07-16,503.22,3821.08,5608.53,26389.23
2017-07-23,501.38,3889.14,5622.44,26706.09
2017-07-30,506.36,4046.33,5610.4,26979.39
2017-08-06,507.99,4072.22,5497.16,27562.68
2017-08-13,510.74,4035.71,5368.58,26883.51
2017-08-20,512.09,4123.74,5541.89,27047.57
2017-08-27,514.28,4261.85,5573.63,27848.16
2017-09-03,517.73,4264.27,5592.08,27953.16
2017-09-10,517.2,4170.5,5779.79,27668.47
2017-09-17,509.92,4060.88,6006.93,27807.59
2017-09-24,511.0,4000.43,5937.62,27880.53
2017-10-01,510.5,4178.56,5697.72,27554.3
2017-10-08,510.47,4178.56,5697.72,
2017-10-15,504.96,4309.81,5729.17,28476.43
2017-10-22,495.53,4446.18,5638.6,28487.24
2017-10-29,497.39,4356.61,5724.11,28438.85
2017-11-05,497.72,4385.34,5621.07,28603.61
2017-11-12,499.19,4319.57,5627.59,29120.92
2017-11-19,498.14,4265.55,5652.73,29199.04
2017-11-26,501.72,4380.84,5741.35,29866.32
2017-12-03,500.29,4264.75,5762.11,29074.24
2017-12-10,505.01,4164.7,5676.29,28639.85
2017-12-17,508.38,4262.98,5603.87,28848.11
2017-12-24,511.46,4390.25,5636.16,29578.01
2017-12-31,514.46,4468.39,5760.27,29919.15
2018-01-07,516.78,4420.75,6214.18,30814.64
2018-01-14,524.13,4403.87,6406.63,31412.54
2018-01-21,523.33,4316.2755,6609.34,32254.89
2018-01-28,526.62,4293.774,6754.72,33154.12
2018-02-04,525.37,4300.8202,6469.44,32601.78
2018-02-11,520.16,4130.3986,5541.44,29507.42
2018-02-18,525.39,4228.9321,5774.11,31115.43
2018-02-25,526.52,4293.019,5933.99,31267.17
2018-03-04,525.02,4191.9181,5779.53,30583.45
2018-03-11,528.74,4084.9681,5956.27,30996.21
2018-03-18,526.7,4159.1822,5832.47,31501.97
2018-03-25,523.55,3998.7839,5493.41,30309.29
2018-04-01,522.66,4004.3699,5697.63,30093.38
2018-04-08,522.64,4011.7237,5621.43,29844.94
2018-04-15,523.32,4018.4673,5653.56,30808.38
2018-04-22,526.62,4088.4643,5408.43,30418.33
2018-04-29,521.3,4101.1911,5360.42,30280.67
2018-05-06,521.7,4080.0139,5354.01,29926.5
2018-05-13,517.98,4076.6697,5465.62,31122.06
2018-05-20,518.6,4064.782,5433.34,31047.91
2018-05-27,518.03,4080.6322,5268.74,30588.04
2018-06-03,522.37,4079.8397,5098.16,30492.91
2018-06-10,529.01,4243.4022,5122.88,30958.21
2018-06-17,524.73,4233.9339,5188.7,30309.49
2018-06-24,518.22,4092.6975,5018.43,29338.7
2018-07-01,514.85,4076.1279,4673.91,28955.11
2018-07-08,510.73,3868.3028,4323.77,28315.62
2018-07-15,510.76,3833.68,4448.58,28525.44
2018-07-22,508.33,3823.4506,4376.98,28224.48
2018-07-29,509.86,3941.4826,4535.49,28804.28
2018-08-05,503.52,3873.21,4237.7,27676.32
2018-08-12,502.76,3896.3122,4407.21,28366.62
2018-08-19,490.43,3747.0583,4197.64,27213.41
2018-08-26,492.86,3810.6876,4224.86,27671.87
2018-09-02,491.21,3816.1864,4337.95,27888.55
2018-09-09,487.41,3742.5013,4258.32,26973.47
2018-09-16,481.54,3810.1748,4258.49,27286.41
2018-09-23,481.74,3914.0457,4514.95,27953.58
2018-09-30,481.32,3947.8824,4334.35,27788.52
2018-10-07,482.42,3947.8824,4334.35,
2018-10-14,483.8,3996.2873,3893.37,25801.49
2018-10-21,484.35,3957.6263,3794.61,25561.4
2018-10-28,484.95,3925.2772,4104.37,24717.63
2018-11-04,482.52,3936.3458,4206.01,26486.35
2018-11-11,481.98,3886.1032,4129.39,25601.92
2018-11-18,487.26,3917.7104,4403.99,26183.53
2018-11-25,485.96,3903.4872,4292.33,25927.68
2018-12-02,485.19,3928.7729,4295.29,26506.75
2018-12-09,487.26,3888.1693,4288.91,26063.76
2018-12-16,486.43,3865.2419,4327.23,26094.79
2018-12-23,482.37,3827.2931,4123.97,25753.42
2018-12-30,481.58,3821.7589,4059.03,25504.2
2019-01-06,481.25,3730.0388,4127.48,25626.03
2019-01-13,479.01,3743.4853,4164.07,26667.27
2019-01-20,476.52,3786.2047,4195.08,27090.81
2019-01-27,477.86,3748.2319,4195.34,27569.19
2019-02-03,480.72,3818.6398,4288.99,27930.74
2019-02-10,480.56,3818.6398,4288.99,
2019-02-17,481.6,3802.5318,4357.88,27900.84
2019-02-24,486.42,3938.2238,4539.75,28816.3
2019-03-03,488.16,3983.9804,4824.65,28812.17
2019-03-10,488.01,3887.7422,4797.28,28228.42
2019-03-17,490.42,3909.9397,5057.62,29012.26
2019-03-24,491.11,3879.8145,5275.95,29113.36
2019-03-31,494.58,3868.7157,5331.15,29051.36
2019-04-07,491.0,3926.2575,5613.71,29936.32
2019-04-14,491.66,3898.8801,5523.06,29909.76
2019-04-21,489.27,3918.6594,5514.88,29963.26
2019-04-28,489.76,3874.3539,5118.94,29605.01
2019-05-05,482.81,3871.1892,5099.97,30081.55
2019-05-12,467.73,3778.9364,4889.56,28550.24
2019-05-19,467.98,3768.6504,4775.94,27946.46
2019-05-26,467.97,3732.2536,4679.59,27353.93
2019-06-02,467.01,3653.9213,4698.62,26901.09
2019-06-09,456.9,3639.219,4627.58,26965.28
2019-06-16,456.25,3664.5251,4728.59,27118.35
2019-06-23,454.59,3704.8555,4827.66,28473.71
2019-06-30,455.22,3717.5081,4751.35,28542.62
2019-07-07,451.03,3659.3301,4921.68,28774.83
2019-07-14,448.55,3686.9805,4769.61,28471.62
2019-07-21,449.58,3789.6819,4899.49,28765.4
2019-07-28,449.59,3717.0009,4813.91,28397.74
2019-08-04,442.11,3668.8133,4561.26,26918.58
2019-08-11,448.19,3684.1074,4373.65,25939.3
2019-08-18,448.13,3673.8475,4404.72,25734.22
2019-08-25,444.28,3662.0091,4534.78,26179.33
2019-09-01,443.98,3684.8966,4402.03,25724.73
2019-09-08,446.24,3742.7964,4566.8,26690.76
2019-09-15,442.61,3745.9516,4705.66,27352.69
2019-09-22,441.36,3717.5552,4631.44,26435.67
2019-09-29,439.52,3700.9907,4484.51,25954.81
2019-10-06,439.98,3727.0207,4467.1,25821.03
2019-10-13,438.49,3697.3566,4686.86,26308.44
2019-10-20,439.15,3670.5593,4627.05,26719.58
2019-10-27,438.64,3735.1901,4696.86,26667.39
2019-11-03,437.36,3713.9092,4630.81,27100.76
2019-11-10,441.23,3723.6683,4599.66,27651.14
2019-11-17,439.43,3691.4186,4441.22,26326.66
2019-11-24,436.27,3686.6991,4495.8,26595.08
2019-12-01,436.11,3722.0952,4524.84,26346.49
2019-12-08,442.22,3722.0774,4604.3,26498.37
2019-12-15,448.82,3848.5024,4725.03,27687.76
2019-12-22,451.22,3850.0729,4939.01,27871.35
2019-12-29,451.65,3905.0403,4900.85,28225.42
2020-01-05,450.99,3830.4589,5023.26,28451.5
2020-01-12,462.52,3838.7591,4985.36,28638.2
2020-01-19,468.36,3857.5573,4910.85,29056.42
2020-01-26,464.31,3761.2163,4668.19,27949.64
2020-02-02,459.05,3761.2163,4668.19,
2020-02-09,455.33,3579.4584,4341.79,27404.27
2020-02-16,456.91,3602.1082,4687.7,27815.6
2020-02-23,458.48,3591.9548,4680.88,27308.81
2020-03-01,451.56,3466.9901,4603.41,26129.93
2020-03-08,453.79,3505.3494,4888.71,26146.67
2020-03-15,440.64,3399.4334,4661.1,24032.91
2020-03-22,421.61,3030.2853,4308.46,22805.07
2020-03-29,420.11,3051.3128,4413.06,23484.28
2020-04-05,418.29,3108.4942,4379.91,23236.11
2020-04-12,419.99,3254.153,4393.25,24300.33
2020-04-19,409.1,3297.8329,4440.06,24380.0
2020-04-26,408.94,3258.833,4352.25,23831.33
2020-05-03,410.0,3349.3128,4489.52,24643.59
2020-05-10,421.97,3393.367,4476.3,24230.17
2020-05-17,419.13,3361.6162,4390.18,23797.47
2020-05-24,420.13,3386.6678,4265.88,22930.14
2020-05-31,416.39,3439.9026,4329.92,22961.47
2020-06-07,420.19,3541.1015,4455.51,24770.41
2020-06-14,419.59,3665.7495,4416.07,24301.38
2020-06-21,417.05,3737.8729,4479.61,24643.89
2020-06-28,416.78,3751.984,4509.55,24549.99
2020-07-05,419.03,3833.4998,4949.35,25373.12
2020-07-12,423.07,3956.2311,5256.03,25727.41
2020-07-19,425.56,4034.7121,4894.2,25089.17
2020-07-26,430.08,4019.8007,4852.26,24705.33
2020-08-02,436.46,4066.8894,4866.73,24595.35
2020-08-09,439.2,4027.4973,4914.18,24531.62
2020-08-16,443.8,3932.5203,5072.15,25183.01
2020-08-23,446.11,4065.9591,5031.07,25113.84
2020-08-30,450.72,4080.8728,4984.93,25422.06
2020-09-06,457.34,4053.2431,4925.32,24695.45
2020-09-13,458.28,4057.8034,4878.69,24503.31
2020-09-20,462.38,4107.2505,5067.54,24455.41
2020-09-27,456.14,4006.0016,4740.69,23235.42
2020-10-04,457.39,3997.368,4730.62,23459.05
2020-10-11,466.01,4037.3966,4774.77,24119.13
2020-10-18,467.29,4040.5357,4769.01,24386.79
2020-10-25,471.2,4076.6329,4704.07,24918.78
2020-11-01,467.71,3997.3759,4508.1,24107.42
2020-11-08,472.41,4036.7679,4683.91,25712.97
2020-11-15,471.89,4095.59,4641.61,26156.86
2020-11-22,482.45,4197.5484,4813.0,26451.54
2020-11-29,484.27,4401.4652,4848.49,26894.68
2020-12-06,484.9,4505.6244,4773.68,26835.92
2020-12-13,504.05,4542.3408,4538.34,26505.87
2020-12-20,510.39,4656.88,4525.61,26498.6
2020-12-27,509.48,4594.1188,4406.6,26386.56
2021-01-03,510.72,4530.5731,4461.45,27231.13
2021-01-10,518.17,4733.1636,4361.74,27878.22
2021-01-17,529.62,4597.6394,4422.6,28573.86
2021-01-24,531.56,4607.0399,4371.75,29447.85
2021-01-31,533.41,4508.3344,4150.29,28283.71
2021-02-07,532.89,4560.158,4197.92,29288.68
2021-02-14,543.73,4762.1012,4192.87,30173.57
2021-02-21,554.63,5034.4896,4390.68,30644.73
2021-02-28,555.17,5318.6189,4603.12,28980.21
2021-03-07,560.13,5161.207,4510.86,29098.29
2021-03-14,566.21,5232.3583,4479.84,28739.72
2021-03-21,566.75,5161.9888,4487.85,28990.94
2021-03-28,568.75,5173.7171,4432.83,28336.43
2021-04-04,563.5,5245.7632,4445.83,28938.74
2021-04-11,564.18,5215.1534,4407.83,28698.8
2021-04-18,567.7,5349.3956,4458.13,28969.71
2021-04-25,572.27,5419.6386,4365.94,29078.75
2021-05-02,580.59,5610.8557,4329.47,28724.88
2021-05-09,589.36,5846.1868,4302.55,28610.65
2021-05-16,582.16,5817.8412,4335.97,28027.57
2021-05-23,584.76,5616.2598,4289.82,28458.44
2021-05-30,600.49,5708.8783,4414.77,29124.41
2021-06-06,601.38,5519.1399,4328.75,28918.1
2021-06-13,610.9,5589.1787,4198.58,28842.13
2021-06-20,601.27,5230.5397,4103.25,28801.27
2021-06-27,607.98,5333.008,4095.64,29288.22
2021-07-04,608.08,5298.8519,4027.53,28310.42
2021-07-11,610.04,5347.7764,4003.8,27344.54
2021-07-18,615.24,5377.2151,3928.01,28004.68
2021-07-25,617.8,5404.3297,3852.98,27321.98
2021-08-01,621.75,5563.9186,3541.21,25961.03
2021-08-08,619.11,5446.1737,3605.82,26179.4
2021-08-15,622.38,5415.2119,3798.5,26391.62
2021-08-22,614.51,5189.9651,3809.83,24849.72
2021-08-29,621.49,5350.9663,3726.11,25407.89
2021-09-05,617.37,5349.1165,3910.12,25901.99
2021-09-12,620.67,5421.7943,3927.72,26205.91
2021-09-19,618.57,5356.7049,3777.29,24920.76
2021-09-26,625.62,5353.6054,3915.03,24192.16
2021-10-03,623.42,5265.2697,3938.41,24575.64
2021-10-10,633.93,5334.2335,3922.76,24837.85
2021-10-17,649.56,5728.2087,3866.43,25330.96
2021-10-24,645.49,5621.8143,3901.38,26126.93
2021-10-31,647.05,5478.1432,3572.41,25377.24
2021-11-07,648.75,5398.7613,3454.1,24870.51
2021-11-14,649.69,5478.258,3764.36,25327.97
2021-11-21,648.47,5495.4044,3780.29,25049.97
2021-11-28,646.67,5499.3013,3722.1,24080.52
2021-12-05,637.33,5413.6118,3777.58,23766.69
2021-12-12,638.52,5420.04,3869.29,23995.72
2021-12-19,638.88,5408.3218,3841.84,23192.63
2021-12-26,644.49,5448.9448,3887.08,23223.76
2022-01-02,647.74,5498.161,3905.52,23397.67
2022-01-09,652.06,5427.4018,4081.97,23493.38
2022-01-16,635.51,5582.8796,3936.13,24383.32
2022-01-23,645.56,5564.1477,4030.14,24965.55
2022-01-30,641.43,5486.0982,3861.89,23550.08
2022-02-06,647.06,5486.0982,3861.89,
2022-02-13,647.62,5581.9307,4014.49,24906.66
2022-02-20,653.16,5610.8162,3987.61,24327.71
2022-02-27,650.71,5518.6948,3858.62,22767.18
2022-03-06,664.51,5690.4615,3910.19,21905.29
2022-03-13,671.31,5627.0884,3695.86,20553.79
2022-03-20,672.2,5680.9474,3767.17,21412.4
2022-03-27,679.78,5741.8314,3905.46,21404.88
2022-04-03,686.18,5710.6088,4328.5,22039.55
2022-04-10,682.52,5759.3378,4406.44,21872.01
2022-04-17,684.2,5840.4615,4279.08,21518.08
2022-04-24,681.83,5855.3088,3883.82,20638.52
2022-05-01,681.88,5751.3776,3854.14,21089.39
2022-05-08,665.31,5629.279,3643.84,20001.96
2022-05-15,652.36,5552.5463,3780.69,19898.77
2022-05-22,658.71,5620.0784,3803.15,20717.24
2022-05-29,656.21,5645.9918,3673.82,20697.36
2022-06-05,660.26,5664.2407,3586.74,21082.13
2022-06-12,655.2,5706.3976,3593.51,21806.18
2022-06-19,640.21,5475.6531,3582.39,21075.0
2022-06-26,616.52,4996.0511,3647.7,21719.06
2022-07-03,612.05,4853.5093,3807.45,21859.79
2022-07-10,602.85,4640.5644,3639.77,21725.78
2022-07-17,591.46,4208.4439,3418.73,20297.72
2022-07-24,597.06,4475.7593,3485.54,20609.14
2022-07-31,606.22,4739.1321,3586.21,20156.51
2022-08-07,606.04,4755.8375,3424.06,20201.94
2022-08-14,611.44,4961.8552,3482.59,20175.62
2022-08-21,610.61,4874.6939,3597.55,19773.03
2022-08-28,612.29,5046.6393,3504.37,20170.04
2022-09-04,588.78,4717.236,3573.7,19452.09
2022-09-11,588.69,4992.2621,3842.89,19362.25
2022-09-18,581.72,4892.64,3695.26,18761.69
2022-09-25,570.73,4901.4067,3598.06,17933.27
2022-10-02,567.79,4887.0611,3516.7,17222.83
2022-10-09,563.25,4887.0611,3516.7,
2022-10-16,562.62,5063.7276,3460.33,16587.69
2022-10-23,557.7,5006.1945,3381.99,16211.12
2022-10-30,551.42,5091.2787,3104.16,14863.06
2022-11-06,562.8,5203.2874,3120.33,16161.14
2022-11-13,570.17,5536.2253,3439.23,17325.66
2022-11-20,567.29,5374.3617,3443.53,17992.54
2022-11-27,562.92,5354.6423,3624.57,17573.58
2022-12-04,570.87,5442.8876,3752.79,18675.35
2022-12-11,572.65,5516.6647,3850.06,19900.87
2022-12-18,568.4,5362.2145,3756.57,19450.67
2022-12-25,568.79,5368.1329,3580.53,19593.06
2023-01-01,569.8,5392.6765,3480.75,19781.41
2023-01-08,563.55,5305.5928,3615.37,20991.64
2023-01-15,580.05,5585.5628,3553.71,21738.66
2023-01-22,585.32,5731.2448,3582.29,22044.65
2023-01-29,586.9,5731.2448,3582.29,
2023-02-05,576.87,5606.3987,3549.59,21660.47
2023-02-12,570.56,5575.3102,3591.26,21190.42
2023-02-19,563.64,5612.7447,3474.57,20719.81
2023-02-26,563.59,5664.8276,3509.07,20010.04
2023-03-05,563.57,5680.7807,3535.1,20567.54
2023-03-12,558.68,5595.209,3362.42,19319.92
2023-03-19,554.29,5452.0549,3359.71,19518.59
2023-03-26,559.11,5674.1064,3365.17,19915.68
2023-04-02,562.23,5628.5574,3261.82,20400.11
2023-04-09,560.63,5615.884,3412.87,20331.2
2023-04-16,560.52,5696.9065,3405.11,20438.81
2023-04-23,560.85,5588.5105,3247.89,20075.73
2023-04-30,561.01,5493.9695,3178.76,19894.57
2023-05-07,560.78,5445.3933,3269.71,20049.31
2023-05-14,549.69,5262.0704,3212.53,19627.24
2023-05-21,553.19,5349.3907,3084.68,19450.57
2023-05-28,547.72,5274.3116,2977.32,18746.92
2023-06-04,550.99,5407.1974,3056.5,18949.94
2023-06-11,546.34,5476.604,3096.03,19389.95
2023-06-18,553.74,5601.0165,3100.67,20040.37
2023-06-25,550.04,5614.1125,2956.51,18889.97
2023-07-02,550.44,5508.5256,2977.69,18916.43
