index,Liquidity_mom_pct,Liquidity_net_pct,Liquidity_yoy
2006/6/25,0,1,
2006/7/2,0.037429112,1.037429112,
2006/7/9,0.196793003,1.241587902,
2006/7/16,-0.028928136,1.205671078,
2006/7/23,0.006898714,1.213988658,
2006/7/30,0.000311429,1.21436673,
2006/8/6,-0.103985056,1.088090737,
2006/8/13,-0.022585129,1.063516068,
2006/8/20,-0.050124422,1.01020794,
2006/8/27,0.045284431,1.055954631,
2006/9/3,0.022198353,1.079395085,
2006/9/10,0,1.079395085,
2006/9/17,0,1.079395085,
2006/9/24,-0.067250438,1.006805293,
2006/10/1,0.030416823,1.037429112,
2006/10/8,0,1.037429112,
2006/10/15,0.030612245,1.069187146,
2006/10/22,0.009193777,1.079017013,
2006/10/29,-0.07428171,0.998865784,
2006/11/5,-0.040878123,0.958034026,
2006/11/12,-0.100631413,0.861625709,
2006/11/19,-0.065818341,0.804914934,
2006/11/26,-0.036167215,0.775803403,
2006/12/3,0.05994152,0.822306238,
2006/12/10,-0.077701149,0.758412098,
2006/12/17,0.057328016,0.801890359,
2006/12/24,0.046676096,0.839319471,
2006/12/31,-0.123873874,0.735349716,
2007/1/7,-0.075578406,0.679773157,
2007/1/14,0.092324805,0.742533081,
2007/1/21,0.196028513,0.888090737,
2007/1/28,-0.085142614,0.812476371,
2007/2/4,0.122382503,0.911909263,
2007/2/11,0.066334992,0.972400756,
2007/2/18,0.015163297,0.987145558,
2007/2/25,0,0.987145558,
2007/3/4,0.038682497,1.025330813,
2007/3/11,0.055678466,1.08241966,
2007/3/18,0.076842473,1.165595463,
2007/3/25,0.089198832,1.269565217,
2007/4/1,-0.011018463,1.25557656,
2007/4/8,0.085817525,1.363327032,
2007/4/15,0.042151969,1.420793951,
2007/4/22,0.101915913,1.565595463,
2007/4/29,0.006037189,1.575047259,
2007/5/6,-0.014882381,1.551606805,
2007/5/13,-0.000243665,1.551228733,
2007/5/20,0.061905922,1.647258979,
2007/5/27,0.07941244,1.778071834,
2007/6/3,-0.18009781,1.457844991,
2007/6/10,0.000259336,1.458223062,
2007/6/17,0.139486648,1.661625709,
2007/6/24,-0.074175199,1.538374291,0.143575401
2007/7/1,-0.17203244,1.273724008,0.068399752
2007/7/8,-0.268032057,0.932325142,-0.095488262
2007/7/15,0.00729927,0.939130435,-0.083279075
2007/7/22,0.034219002,0.971266541,-0.074355232
2007/7/29,0.110548852,1.078638941,-0.039507575
2007/8/5,0.044514546,1.126654064,0.011609231
2007/8/12,-0.130536913,0.979584121,-0.027402543
2007/8/19,0.043998456,1.02268431,0.004091552
2007/8/26,-0.076524954,0.94442344,-0.037208625
2007/9/2,0.012409928,0.956143667,-0.040415958
2007/9/9,-0.100830368,0.85973535,-0.075843816
2007/9/16,-0.064204046,0.804536862,-0.097963091
2007/9/23,-0.029605263,0.780718336,-0.08477436
2007/9/30,0.030508475,0.804536862,-0.084744713
2007/10/7,0,0.804536862,-0.084744713
2007/10/14,-0.165413534,0.671455577,-0.155068701
2007/10/21,0.082207207,0.726654064,-0.13178507
2007/10/28,-0.271592092,0.529300567,-0.21168799
2007/11/4,-0.001428571,0.528544423,-0.198252146
2007/11/11,0.077968526,0.569754253,-0.137871944
2007/11/18,0.01791639,0.579962193,-0.109257894
2007/11/25,0.123859192,0.651795841,-0.058055918
2007/12/2,0.02900232,0.670699433,-0.067930594
2007/12/9,0.00789177,0.675992439,-0.038348338
2007/12/16,0.171700224,0.792060491,-0.004111374
2007/12/23,0.072553699,0.84952741,0.004029599
2007/12/30,0.132621273,0.962192817,0.089622891
2008/1/6,0.124165029,1.081663516,0.154832093
2008/1/13,-0.033205173,1.045746692,0.114139674
2008/1/20,0.14461316,1.196975425,0.099493085
2008/1/27,-0.03916614,1.150094518,0.115837525
2008/2/3,-0.15581854,0.970888469,0.020890369
2008/2/10,0.135514019,1.102457467,0.041843003
2008/2/17,0.045953361,1.153119093,0.051802767
2008/2/24,0.083934426,1.249905482,0.07866857
2008/3/2,-0.015124017,1.23100189,0.060937693
2008/3/9,0.027641278,1.265028355,0.051965192
2008/3/16,-0.055588763,1.194706994,0.00822296
2008/3/23,-0.09556962,1.080529301,-0.05374116
2008/3/30,-0.027991603,1.050283554,-0.059511566
2008/4/6,-0.258819294,0.778449905,-0.186792899
2008/4/13,0.152501214,0.897164461,-0.153243975
2008/4/20,-0.143699958,0.768241966,-0.237305592
2008/4/27,-0.000984252,0.767485822,-0.239640183
2008/5/4,0.033004926,0.792816635,-0.223818119
2008/5/11,-0.091082499,0.720604915,-0.255570536
2008/5/18,0.033578174,0.744801512,-0.264583401
2008/5/25,-0.042639594,0.713043478,-0.304580806
2008/6/1,-0.031813362,0.690359168,-0.249167532
2008/6/8,0.026834611,0.708884688,-0.240427007
2008/6/15,-0.137066667,0.611720227,-0.333092238
2008/6/22,-0.092088999,0.555387524,-0.339605124
2008/6/29,0.006126617,0.55879017,-0.274642047
2008/7/6,0.072395129,0.599243856,-0.147337666
2008/7/13,0.017665615,0.609829868,-0.143924788
2008/7/20,-0.024798512,0.594706994,-0.163510698
2008/7/27,0.068022886,0.635160681,-0.17652576
2008/8/3,-0.020833333,0.621928166,-0.198060972
2008/8/10,-0.109422492,0.553875236,-0.190062886
2008/8/17,-0.109215017,0.493383743,-0.242966291
2008/8/24,-0.03908046,0.474102079,-0.229717323
2008/8/31,-0.092503987,0.430245747,-0.266183877
2008/9/7,2.143233743,1.352362949,0.150994688
2008/9/14,-0.196533408,1.08657845,0.100174072
2008/9/21,-0.134655532,0.94026465,0.061982313
2008/9/28,-0.04624045,0.896786389,0.036183637
2008/10/5,0,0.896786389,0.036183637
2008/10/12,-0.118043845,0.790926276,0.054585634
2008/10/19,-0.075047801,0.731568998,0.002247005
2008/10/26,0.056330749,0.772778828,0.126145479
2008/11/2,-0.062622309,0.724385633,0.105065679
2008/11/9,0.010438413,0.73194707,0.083501023
2008/11/16,0.164772727,0.852551985,0.128423757
2008/11/23,0.062971175,0.906238185,0.109856928
2008/11/30,-0.409678765,0.534971645,-0.075369118
2008/12/7,0.202826855,0.643478261,-0.016431216
2008/12/14,-0.025264395,0.627221172,-0.077779514
2008/12/21,0.153707052,0.72362949,-0.0534669
2008/12/28,-0.018808777,0.710018904,-0.101307756
2009/1/4,0.066027689,0.756899811,-0.119008178
2009/1/11,0.056443556,0.799621928,-0.08944914
2009/1/18,-0.028841608,0.776559546,-0.144226617
2009/1/25,0.012658228,0.786389414,-0.126715767
2009/2/1,0,0.786389414,-0.070253164
2009/2/8,0.075480769,0.845746692,-0.088359044
2009/2/15,0.103263299,0.933081285,-0.070577828
2009/2/22,-0.004051864,0.929300567,-0.098796996
2009/3/1,-0.172091131,0.769376181,-0.156667876
2009/3/8,0.112039312,0.85557656,-0.130358079
2009/3/15,0.007954043,0.862381853,-0.108652695
2009/3/22,0.057430951,0.911909263,-0.056555267
2009/3/29,0.024875622,0.934593573,-0.038901235
2009/4/5,0.084951456,1.013988658,0.088114119
2009/4/12,0.073079791,1.088090737,0.064313544
2009/4/19,0.046212648,1.138374291,0.131083907
2009/4/26,-0.032879442,1.10094518,0.120268112
2009/5/3,-0.017513736,1.081663516,0.103554487
2009/5/10,-0.205522545,0.859357278,0.058697913
2009/5/17,0.018477783,0.875236295,0.053792048
2009/5/24,0.036717063,0.907372401,0.080336851
2009/5/31,0.014583333,0.920604915,0.095939658
2009/6/7,0.01026694,0.930056711,0.090517564
2009/6/14,-0.035365854,0.897164461,0.12765472
2009/6/21,-0.032869785,0.867674858,0.148716982
2009/6/28,0.019607843,0.884688091,0.153153702
2009/7/5,0.124786325,0.995085066,0.169053202
2009/7/12,0.136398176,1.130812854,0.205837327
2009/7/19,0.063189569,1.202268431,0.234632191
2009/7/26,-0.026415094,1.170510397,0.203772387
2009/8/2,-0.007105943,1.162192817,0.208413087
2009/8/9,0.034482759,1.202268431,0.258341985
2009/8/16,-0.077672956,1.108884688,0.269940916
2009/8/23,-0.030003409,1.075614367,0.273074875
2009/8/30,0.112126538,1.196219282,0.340854905
2009/9/6,0.103034134,1.319470699,-0.008207575
2009/9/13,0.053868195,1.390548204,0.082221446
2009/9/20,0.076128331,1.496408318,0.154887227
2009/9/27,-0.058362809,1.409073724,0.15062338
2009/10/4,-0.048027904,1.341398866,0.134216861
2009/10/11,0.059188275,1.420793951,0.195255452
2009/10/18,0.075039915,1.527410208,0.245379122
2009/10/25,0.051732673,1.606427221,0.243924996
2009/11/1,0.027065192,1.649905482,0.274383129
2009/11/8,0.077451879,1.777693762,0.295787987
2009/11/15,0.036792854,1.843100189,0.256990044
2009/11/22,0.064,1.961058601,0.257312513
2009/11/29,-0.045305572,1.87221172,0.417554001
2009/12/6,0.067447496,1.998487713,0.377752595
2009/12/13,0.026485055,2.051417769,0.394995734
2009/12/20,-0.080353852,1.88657845,0.319413539
2009/12/27,0.066733467,2.012476371,0.347276558
2010/1/3,0.028367462,2.069565217,0.335287643
2010/1/10,-0.091158202,1.880907372,0.285123519
2010/1/17,0.099095477,2.067296786,0.326374602
2010/1/24,-0.095647403,1.869565217,0.28866969
2010/1/31,-0.030131446,1.813232514,0.278471448
2010/2/7,-0.042535446,1.73610586,0.239726659
2010/2/14,0.047038328,1.817769376,0.22229103
2010/2/21,0,1.817769376,0.223644395
2010/2/28,0.070923461,1.946691871,0.309435567
2010/3/7,-0.003884249,1.939130435,0.272739781
2010/3/14,-0.004874244,1.929678639,0.268470201
2010/3/21,0.04153605,2.009829868,0.263421621
2010/3/28,0.052859293,2.116068053,0.272401067
2010/4/4,0.038234769,2.196975425,0.257729963
2010/4/11,0.08604371,2.386011342,0.261732845
2010/4/18,-0.030581524,2.313043478,0.236320999
2010/4/25,0.045930042,2.419281664,0.262433866
2010/5/2,-0.146897953,2.06389414,0.215364803
2010/5/9,-0.217255908,1.615500945,0.210405204
2010/5/16,-0.071378423,1.500189036,0.179617501
2010/5/23,-0.006552419,1.490359168,0.16540649
2010/5/30,0.093860984,1.630245747,0.190485026
2010/6/6,0.00974026,1.646124764,0.190311204
2010/6/13,0.082452917,1.781852552,0.228723223
2010/6/20,-0.082537662,1.634782609,0.211149352
2010/6/27,0.011563367,1.6536862,0.208508998
2010/7/4,-0.384545039,1.017769376,0.007513466
2010/7/11,0.078751857,1.097920605,-0.009839561
2010/7/18,-0.002410468,1.095274102,-0.031068493
2010/7/25,0.076630998,1.179206049,0.002467161
2010/8/1,0.060596345,1.250661626,0.024454711
2010/8/8,0.056831923,1.32173913,0.03157942
2010/8/15,0.004004577,1.327032136,0.059863416
2010/8/22,0.006552707,1.335727788,0.072194767
2010/8/29,0.027738466,1.372778828,0.045890348
2010/9/5,-0.019003029,1.346691871,0.006806816
2010/9/12,0.00729927,1.356521739,-0.008258061
2010/9/19,-0.024247492,1.32362949,-0.040896735
2010/9/26,-0.018280491,1.299432892,-0.027001541
2010/10/3,0.020366599,1.325897921,-0.003874364
2010/10/10,0.018819504,1.350850662,-0.016827107
2010/10/17,-0.052336972,1.280151229,-0.058865136
2010/10/24,0.049616066,1.343667297,-0.059536644
2010/10/31,0.057962859,1.421550095,-0.049656704
2010/11/7,0.057978723,1.503969754,-0.055736257
2010/11/14,-0.057817999,1.417013233,-0.08763258
2010/11/21,0.007470651,1.427599244,-0.105830082
2010/11/28,0.055349576,1.506616257,-0.072418074
2010/12/5,-0.027603513,1.465028355,-0.103505384
2010/12/12,-0.017032258,1.440075614,-0.117945176
2010/12/19,0.057757942,1.523251418,-0.071305901
2010/12/26,-0.053859518,1.44120983,-0.111294356
2011/1/2,-0.019150052,1.413610586,-0.127063805
2011/1/9,-0.17304092,1.16899811,-0.158535747
2011/1/16,-0.054010349,1.105860113,-0.208539479
2011/1/23,-0.044102564,1.057088847,-0.19006238
2011/1/30,-0.003218884,1.0536862,-0.18093883
2011/2/6,0.023322569,1.07826087,-0.158765052
2011/2/13,0.038218794,1.119470699,-0.161584716
2011/2/20,0.039175954,1.163327032,-0.148775367
2011/2/27,0.023074423,1.190170132,-0.16401173
2011/3/6,-0.002223634,1.187523629,-0.163456496
2011/3/13,0.021649156,1.213232514,-0.154688395
2011/3/20,-0.020878778,1.187901701,-0.1752872
2011/3/27,-0.005092298,1.181852552,-0.194158836
2011/4/3,-0.038387716,1.136483932,-0.219714127
2011/4/10,0.000332668,1.136862004,-0.24711708
2011/4/17,0.015962754,1.155009452,-0.231485218
2011/4/24,0.009165303,1.165595463,-0.24341286
2011/5/1,-0.089198832,1.061625709,-0.221597712
2011/5/8,-0.011039886,1.049905482,-0.143648316
2011/5/15,0.020525747,1.071455577,-0.112191016
2011/5/22,-0.014467184,1.055954631,-0.114857307
2011/5/29,-0.1188686,0.930434783,-0.186944687
2011/6/5,0.025193011,0.953875236,-0.181882098
2011/6/12,-0.003963535,0.950094518,-0.209615796
2011/6/19,-0.037405491,0.914555766,-0.193608889
2011/6/26,0.040512609,0.951606805,-0.184203402
2011/7/3,-0.020262217,0.932325142,-0.029229002
2011/7/10,0.040145985,0.969754253,-0.041376873
2011/7/17,0.049902534,1.018147448,-0.024339968
2011/7/24,-0.011882659,1.006049149,-0.052936815
2011/7/31,-0.033070274,0.972778828,-0.083757081
2011/8/7,-0.013602798,0.959546314,-0.106747696
2011/8/14,-0.016154452,0.944045369,-0.113508675
2011/8/21,-0.017220665,0.92778828,-0.121476007
2011/8/28,0.030969845,0.956521739,-0.120429597
2011/9/4,-0.077865613,0.882041588,-0.141055731
2011/9/11,-0.025289327,0.85973535,-0.152018183
2011/9/18,0.001319261,0.860869565,-0.143396618
2011/9/25,-0.02020202,0.843478261,-0.144049694
2011/10/2,-0.089197669,0.768241966,-0.18191348
2011/10/9,0,0.768241966,-0.18812835
2011/10/16,0.045275591,0.803024575,-0.155449393
2011/10/23,-0.097457627,0.724763705,-0.205770755
2011/10/30,0.0657277,0.772400756,-0.203333214
2011/11/6,0.071463534,0.827599244,-0.199111454
2011/11/13,-0.006852444,0.821928166,-0.181551192
2011/11/20,-0.013339466,0.810964083,-0.188508565
2011/11/27,-0.008857809,0.803780718,-0.209431677
2011/12/4,-0.039981185,0.771644612,-0.213701926
2011/12/11,-0.056344929,0.728166352,-0.227307125
2011/12/18,-0.087746625,0.664272212,-0.276636799
2011/12/25,-0.054638589,0.627977316,-0.276911385
2012/1/1,-0.040337146,0.602646503,-0.284190539
2012/1/8,-0.133626098,0.522117202,-0.268670085
2012/1/15,0.049239681,0.547826087,-0.234140272
2012/1/22,-0.003450656,0.545935728,-0.220257595
2012/1/29,0,0.545935728,-0.219182903
2012/2/5,0.049168975,0.572778828,-0.210868355
2012/2/12,0.056765677,0.605293006,-0.204966205
2012/2/19,0.051217989,0.636294896,-0.201125727
2012/2/26,0.060011884,0.674480151,-0.189303099
2012/3/4,0.020179372,0.688090737,-0.181901573
2012/3/11,0.031318681,0.709640832,-0.178761535
2012/3/18,-0.006925946,0.704725898,-0.174044941
2012/3/25,-0.009120172,0.698298677,-0.175397177
2012/4/1,-0.055766107,0.659357278,-0.181476322
2012/4/8,0.052178899,0.693761815,-0.164632807
2012/4/15,0.045776567,0.725519849,-0.154991792
2012/4/22,0.042209484,0.756143667,-0.144251989
2012/4/29,-0.0275,0.735349716,-0.122403503
2012/5/6,0.102827763,0.810964083,-0.086077219
2012/5/13,0.0004662,0.811342155,-0.092694499
2012/5/20,-0.017707363,0.796975425,-0.093792219
2012/5/27,-0.009487666,0.789413989,-0.054787034
2012/6/3,0.036398467,0.818147448,-0.051163436
2012/6/10,-0.056839187,0.771644612,-0.069345792
2012/6/17,0.028417442,0.793572779,-0.04729773
2012/6/24,-0.011910434,0.784120983,-0.064529535
2012/7/1,-0.040983607,0.751984877,-0.071655135
2012/7/8,-0.066867773,0.701701323,-0.107844948
2012/7/15,-0.020474138,0.687334594,-0.130972939
2012/7/22,-0.01210121,0.679017013,-0.131046674
2012/7/29,-0.027839644,0.660113422,-0.129248359
2012/8/5,-0.015463918,0.649905482,-0.129877881
2012/8/12,0.069808028,0.695274102,-0.101956022
2012/8/19,-0.02718869,0.67637051,-0.105354181
2012/8/26,0.009502515,0.682797732,-0.112368283
2012/9/2,-0.03986711,0.65557656,-0.098908038
2012/9/9,0.130911188,0.741398866,-0.049361949
2012/9/16,0.003569607,0.744045369,-0.048613663
2012/9/23,-0.071646341,0.69073724,-0.066591546
2012/9/30,-0.006020799,0.68657845,-0.037461417
2012/10/7,0,0.68657845,-0.037461417
2012/10/14,0.02753304,0.705482042,-0.043168
2012/10/21,0.015005359,0.716068053,-0.00402349
2012/10/28,-0.036958817,0.689603025,-0.037795808
2012/11/4,0.092653509,0.753497164,-0.031267926
2012/11/11,-0.049673859,0.716068053,-0.045959265
2012/11/18,-0.040126716,0.687334594,-0.055134186
2012/11/25,0,0.687334594,-0.052168428
2012/12/2,-0.099009901,0.619281664,-0.073321299
2012/12/9,0.047008547,0.648393195,-0.038677411
2012/12/16,0.029154519,0.667296786,0.001514294
2012/12/23,0.009631728,0.673724008,0.023438833
2012/12/30,0.052749719,0.70926276,0.054298423
2013/1/6,-0.003198294,0.706994329,0.101043519
2013/1/13,0.031016043,0.728922495,0.095203178
2013/1/20,0.062759336,0.774669187,0.116644943
2013/1/27,-0.049780381,0.73610586,0.099624229
2013/2/3,0.017462763,0.748960302,0.089395443
2013/2/10,0.04088844,0.779584121,0.084349317
2013/2/17,0,0.779584121,0.06769949
2013/2/24,0.027158099,0.800756144,0.057204738
2013/3/3,0.035410765,0.829111531,0.062144656
2013/3/10,-0.008207934,0.822306238,0.049117969
2013/3/17,-0.033103448,0.795085066,0.040213393
2013/3/24,0.030908226,0.819659735,0.053414127
2013/3/31,-0.024907749,0.799243856,0.064133521
2013/4/7,-0.026963103,0.777693762,0.038068043
2013/4/14,0.001944579,0.779206049,0.023795695
2013/4/21,0.02862688,0.801512287,0.019422969
2013/4/28,-0.006132075,0.796597353,0.026667719
2013/5/5,-0.009492169,0.789035917,-0.009137308
2013/5/12,0.053665549,0.831379962,0.008132356
2013/5/19,0.035925421,0.861247637,0.025852745
2013/5/26,0.042581212,0.897920605,0.042930256
2013/6/2,0.021894737,0.91758034,0.038232522
2013/6/9,-0.054800165,0.867296786,0.038952378
2013/6/16,-0.00043592,0.866918715,0.029466654
2013/6/23,-0.035761012,0.835916824,0.021321931
2013/6/30,-0.072365445,0.775425331,0.010231826
2013/7/7,-0.019990249,0.759924386,0.026570363
2013/7/14,0.010945274,0.768241966,0.037094511
2013/7/21,0.010826772,0.776559546,0.044742381
2013/7/28,0.043330088,0.81020794,0.068293086
2013/8/4,0.021931871,0.827977316,0.080719606
2013/8/11,0.026484018,0.849905482,0.066939662
2013/8/18,-0.03024911,0.824196597,0.065889357
2013/8/25,0.044036697,0.860491493,0.077101687
2013/9/1,0.007469244,0.866918715,0.093143375
2013/9/8,0.018752726,0.883175803,0.058328506
2013/9/15,-0.014982877,0.869943289,0.052108671
2013/9/22,0.006518905,0.875614367,0.079055427
2013/9/29,0.007772021,0.88241966,0.083649085
2013/10/6,0.017994859,0.898298677,0.08959404
2013/10/13,0.050505051,0.943667297,0.096964116
2013/10/20,-0.007211538,0.936862004,0.089586929
2013/10/27,-0.041162228,0.898298677,0.088128837
2013/11/3,-0.098484848,0.809829868,0.024032977
2013/11/10,-0.009337068,0.802268431,0.037889348
2013/11/17,0.037229029,0.832136106,0.063724936
2013/11/24,0.033621081,0.860113422,0.074747686
2013/12/1,0.042197802,0.896408318,0.123278607
2013/12/8,-0.035428089,0.864650284,0.095942611
2013/12/15,0.023174464,0.884688091,0.09400008
2013/12/22,-0.036324786,0.852551985,0.078471215
2013/12/29,0.021286031,0.870699433,0.068356923
2014/1/5,-0.026921407,0.847258979,0.060327921
2014/1/12,-0.054439982,0.801134216,0.031487028
2014/1/19,0.027843322,0.823440454,0.020351718
2014/1/26,0.069788797,0.880907372,0.059859514
2014/2/2,0.01416309,0.893383743,0.058776743
2014/2/9,0.026237833,0.916824197,0.054051713
2014/2/16,0.046597938,0.959546314,0.069233328
2014/2/23,0.009850276,0.96899811,0.063568733
2014/3/2,-0.030823254,0.939130435,0.041533232
2014/3/9,0.019323671,0.957277883,0.05066028
2014/3/16,-0.030015798,0.928544423,0.051723038
2014/3/23,0.028501629,0.955009452,0.05094398
2014/3/30,-0.042359462,0.914555766,0.044924115
2014/4/6,0.014055395,0.927410208,0.058687718
2014/4/13,0.004891969,0.93194707,0.059666835
2014/4/20,0.01663286,0.947448015,0.055757256
2014/4/27,-0.072226656,0.879017013,0.032818301
2014/5/4,0.009032258,0.886956522,0.038994707
2014/5/11,-0.02344416,0.866162571,0.013661897
2014/5/18,0.002182453,0.86805293,0.002623538
2014/5/25,0.025696864,0.890359168,-0.002818903
2014/6/1,0.014012739,0.902835539,-0.00539991
2014/6/8,0,0.902835539,0.013386392
2014/6/15,0.023869347,0.924385633,0.021394706
2014/6/22,-0.029856851,0.896786389,0.023429526
2014/6/29,0.046795953,0.938752363,0.063713342
2014/7/6,0.00886025,0.947069943,0.073384671
2014/7/13,0.011976048,0.958412098,0.073724369
2014/7/20,-0.003944773,0.95463138,0.068817317
2014/7/27,-0.010693069,0.94442344,0.051094565
2014/8/3,0.029623699,0.972400756,0.053594088
2014/8/10,0.037325039,1.008695652,0.057096065
2014/8/17,0.039355322,1.048393195,0.08020163
2014/8/24,0.039307609,1.089603025,0.078688327
2014/8/31,-0.022206801,1.065406427,0.068722137
2014/9/7,0.042228531,1.110396975,0.076316196
2014/9/14,0.034729316,1.148960302,0.092728234
2014/9/21,0.007568279,1.157655955,0.093075579
2014/9/28,0.02743305,1.189413989,0.09951609
2014/10/5,0.025429116,1.219659735,0.101941526
2014/10/12,0.01549907,1.238563327,0.090644572
2014/10/19,-0.028693529,1.203024575,0.083352716
2014/10/26,-0.013827781,1.186389414,0.092722418
2014/11/2,0.048438496,1.243856333,0.143049198
2014/11/9,-0.013677812,1.2268431,0.141585437
2014/11/16,-0.044992296,1.171644612,0.114055892
2014/11/23,0.046466602,1.226086957,0.118172925
2014/11/30,0.023126735,1.254442344,0.112016795
2014/12/7,-0.032549729,1.213610586,0.113010007
2014/12/14,0.025545171,1.244612476,0.113781451
2014/12/21,-0.043134872,1.190926276,0.111417493
2014/12/28,-0.047301587,1.134593573,0.088244315
2015/1/4,-0.051982672,1.075614367,0.079546958
2015/1/11,-0.141300527,0.92362949,0.047427504
2015/1/18,0.016373312,0.938752363,0.043686827
2015/1/25,0.068868304,1.003402647,0.043399889
2015/2/1,0.041446873,1.044990548,0.052248969
2015/2/8,0.004703329,1.049905482,0.045179895
2015/2/15,0.045372704,1.097542533,0.044789439
2015/2/22,0.030313469,1.130812854,0.051476444
2015/3/1,0.020728853,1.154253308,0.068751517
2015/3/8,0.055355388,1.218147448,0.080330927
2015/3/15,0.032588454,1.257844991,0.101178996
2015/3/22,0.08596333,1.365973535,0.119300476
2015/3/29,0.061721561,1.450283554,0.153691975
2015/4/5,0.092022941,1.583742911,0.178383426
2015/4/12,0.012652184,1.603780718,0.180947683
2015/4/19,-0.031353135,1.553497164,0.164830611
2015/4/26,0.152348503,1.790170132,0.237087229
2015/5/3,0.009292503,1.806805293,0.23717319
2015/5/10,0.002929483,1.812098299,0.246056039
2015/5/17,0.113290215,2.017391304,0.28110261
2015/5/24,0.1488006,2.31758034,0.318884674
2015/5/31,0.044535073,2.420793951,0.328770145
2015/6/7,0.120880837,2.71342155,0.366808424
2015/6/14,0.048766894,2.845746692,0.374817144
2015/6/21,-0.127806563,2.482041588,0.339339676
2015/6/28,-0.109215537,2.210964083,0.285544072
2015/7/5,-0.233926129,1.693761815,0.193778104
2015/7/12,-0.094196429,1.534215501,0.156832201
2015/7/19,0.149827501,1.764083176,0.204687037
2015/7/26,0.118945564,1.973913043,0.245732848
2015/8/2,-0.104577667,1.767485822,0.199181785
2015/8/9,0.04855615,1.853308129,0.202771386
2015/8/16,0.092003264,2.023818526,0.219242462
2015/8/23,-0.115075659,1.790926276,0.165639842
2015/8/30,-0.109563015,1.594706994,0.134444556
2015/9/6,-0.176149834,1.313799622,0.056068609
2015/9/13,0.126043165,1.479395085,0.08425861
2015/9/20,-0.075134168,1.368241966,0.055709816
2015/9/27,0.01934236,1.394706994,0.053074538
2015/10/4,0.013824885,1.413988658,0.049280877
2015/10/11,0.065508021,1.506616257,0.065304715
2015/10/18,0.101882058,1.660113422,0.107349021
2015/10/25,0.024140287,1.700189036,0.119941618
2015/11/1,-0.003557928,1.694139887,0.102986224
2015/11/8,0.05288998,1.783742911,0.124756544
2015/11/15,0.038363713,1.852173913,0.152650541
2015/11/22,0.052867932,1.950094518,0.15468336
2015/11/29,-0.052151997,1.848393195,0.129208531
2015/12/6,0.013908775,1.874102079,0.144843261
2015/12/13,-0.019366552,1.837807183,0.129916298
2015/12/20,0.070973051,1.968241966,0.167469785
2015/12/27,0.013253938,1.994328922,0.188011038
2016/1/3,-0.007582938,1.979206049,0.203267926
2016/1/10,-0.164469914,1.6536862,0.194150377
2016/1/17,-0.12094193,1.4536862,0.145768699
2016/1/24,0.026007802,1.491493384,0.132127006
2016/1/31,-0.09860583,1.34442344,0.083985804
2016/2/7,0.049775028,1.411342155,0.098613664
2016/2/14,0,1.411342155,0.083822505
2016/2/21,0.077953389,1.521361059,0.098889551
2016/2/28,-0.071322068,1.412854442,0.067386146
2016/3/6,-0.037195611,1.360302457,0.03679195
2016/3/13,-0.015842135,1.338752363,0.020779392
2016/3/20,0.112397628,1.489224953,0.028796144
2016/3/27,0.014216806,1.510396975,0.013537807
2016/4/3,0.01902378,1.539130435,-0.009524457
2016/4/10,0.016703513,1.564839319,-0.008193548
2016/4/17,0.041072723,1.629111531,0.015842056
2016/4/24,-0.077048039,1.503591682,-0.05815132
2016/5/1,0,1.503591682,-0.061234518
2016/5/8,-0.050289163,1.427977316,-0.079408825
2016/5/15,-0.05374636,1.351228733,-0.133596964
2016/5/22,0.009513151,1.364083176,-0.176680383
2016/5/29,0.00886918,1.376181474,-0.188260983
2016/6/5,0.066483516,1.467674858,-0.204843661
2016/6/12,0.005151984,1.475236295,-0.219002438
2016/6/19,0.002050231,1.47826087,-0.172738378
2016/6/26,0.000511509,1.479017013,-0.13401699
2016/7/3,0.032208589,1.526654064,-0.034624509
2016/7/10,0.033432392,1.577693762,0.009314987
2016/7/17,0.006949437,1.588657845,-0.034913857
2016/7/24,-0.004521656,1.58147448,-0.073886754
2016/7/31,-0.053071958,1.497542533,-0.055244215
2016/8/7,0.001009846,1.49905482,-0.070712477
2016/8/14,0.008322825,1.511531191,-0.097287638
2016/8/21,0.043271636,1.576937618,-0.04241607
2016/8/28,-0.008151522,1.564083176,-0.006463398
2016/9/4,-0.070340827,1.454064272,0.033813056
2016/9/11,0.023140926,1.487712665,0.001868846
2016/9/18,-0.030749682,1.441965974,0.017493588
2016/9/25,0.017829051,1.467674858,0.016998355
2016/10/2,-0.00953117,1.4536862,0.009229331
2016/10/9,0,1.4536862,-0.011921236
2016/10/16,0.034590377,1.503969754,-0.032925937
2016/10/23,-0.000502765,1.503213611,-0.04104474
2016/10/30,-0.005784708,1.494517958,-0.041790484
2016/11/6,-0.0761447,1.380718336,-0.085370006
2016/11/13,0.016703176,1.403780718,-0.092396976
2016/11/20,0.009695664,1.417391304,-0.106353257
2016/11/27,-0.010402774,1.402646503,-0.091985302
2016/12/4,-0.033153639,1.356143667,-0.107828173
2016/12/11,-0.00250906,1.352741021,-0.102146731
2016/12/18,-0.032979318,1.308128544,-0.136181073
2016/12/25,-0.007514451,1.298298677,-0.143084306
2017/1/1,-0.002329645,1.295274102,-0.141324481
2017/1/8,0.053123176,1.364083176,-0.064174773
2017/1/15,-0.046563193,1.300567108,-0.037100711
2017/1/22,-0.031104651,1.260113422,-0.056192052
2017/1/29,0.01620162,1.280529301,-0.016230581
2017/2/5,-0.00088574,1.279395085,-0.032717919
2017/2/12,0.023345154,1.30926276,-0.025025645
2017/2/19,-0.009818077,1.296408318,-0.05333592
2017/2/26,0.029454652,1.334593573,-0.018995093
2017/3/5,-0.001983003,1.33194707,-0.007021745
2017/3/12,-0.000567698,1.331190926,-0.001888044
2017/3/19,-0.00028401,1.330812854,-0.037488631
2017/3/26,-0.010227273,1.317202268,-0.04562084
2017/4/2,-0.053960964,1.246124764,-0.070393019
2017/4/9,0.025788835,1.27826087,-0.067427563
2017/4/16,-0.028689737,1.241587902,-0.090547889
2017/4/23,-0.077953715,1.144801512,-0.090875144
2017/4/30,-0.035336856,1.104347826,-0.102867248
2017/5/7,-0.089352961,1.005671078,-0.116867974
2017/5/14,-0.064661654,0.940642722,-0.120735414
2017/5/21,0.028938907,0.967863894,-0.114382115
2017/5/28,-0.06328125,0.906616257,-0.139116208
2017/6/4,-0.027522936,0.881663516,-0.169874739
2017/6/11,0.036878216,0.914177694,-0.159516163
2017/6/18,0.02770885,0.939508507,-0.151088238
2017/6/25,-0.024949698,0.916068053,-0.15968077
2017/7/2,0.014032191,0.928922495,-0.165602809
2017/7/9,-0.025641026,0.90510397,-0.185223198
2017/7/16,-0.043441938,0.865784499,-0.202336262
2017/7/23,-0.026637555,0.842722117,-0.209825213
2017/7/30,0.029161059,0.867296786,-0.1820665
2017/8/6,0.009590235,0.875614367,-0.179221432
2017/8/13,0.000863558,0.87637051,-0.181696497
2017/8/20,0.041415013,0.912665406,-0.182290231
2017/8/27,-0.018641259,0.895652174,-0.185834321
2017/9/3,-0.080624736,0.823440454,-0.189542208
2017/9/10,0.018365473,0.838563327,-0.191101664
2017/9/17,0.011722272,0.848393195,-0.176806173
2017/9/24,-0.007575758,0.841965974,-0.185231699
2017/10/1,-0.000449035,0.841587902,-0.182189117
2017/10/8,0,0.841587902,-0.182189117
2017/10/15,0.00853549,0.848771267,-0.19069122
2017/10/22,-0.046325167,0.809451796,-0.206334426
2017/10/29,-0.01588043,0.796597353,-0.20973655
2017/11/5,-0.187470337,0.647258979,-0.252537562
2017/11/12,0.026869159,0.664650284,-0.249221125
2017/11/19,-0.099544937,0.598487713,-0.287389119
2017/11/26,-0.012634239,0.590926276,-0.288141608
2017/12/3,0.049264235,0.620037807,-0.260873319
2017/12/10,-0.03597561,0.597731569,-0.272248809
2017/12/17,0.021505376,0.610586011,-0.253977877
2017/12/24,-0.032198142,0.590926276,-0.262372904
2017/12/31,0.003838772,0.593194707,-0.260318309
2018/1/7,0.076481836,0.638563327,-0.253005655
2018/1/14,-0.037892244,0.61436673,-0.249987885
2018/1/21,-0.068307692,0.572400756,-0.263039215
2018/1/28,0.013870542,0.580340265,-0.263804731
2018/2/4,-0.119869707,0.510775047,-0.306071128
2018/2/11,-0.023686158,0.498676749,-0.321753797
2018/2/18,0.031842305,0.514555766,-0.308016317
2018/2/25,0.016164585,0.522873346,-0.312347606
2018/3/4,0.085321764,0.567485822,-0.284393782
2018/3/11,0.033977348,0.586767486,-0.273066873
2018/3/18,-0.005798969,0.583364839,-0.274910805
2018/3/25,-0.06610499,0.544801512,-0.294281247
2018/4/1,0.12907703,0.615122873,-0.235323928
2018/4/8,-0.062077443,0.576937618,-0.265173864
2018/4/15,0.000655308,0.57731569,-0.255252388
2018/4/22,-0.028814669,0.560680529,-0.237945091
2018/4/29,0.002697235,0.562192817,-0.225055119
2018/5/6,-0.021519839,0.550094518,-0.201106741
2018/5/13,0.002061856,0.551228733,-0.178137847
2018/5/20,-0.01303155,0.544045369,-0.19201961
2018/5/27,-0.000694927,0.543667297,-0.170460599
2018/6/3,-0.07093185,0.50510397,-0.185682064
2018/6/10,-0.015718563,0.497164461,-0.203034696
2018/6/17,-0.074524715,0.460113422,-0.237961282
2018/6/24,-0.087921118,0.419659735,-0.260215476
2018/7/1,0.066666667,0.447637051,-0.243347519
2018/7/8,-0.136824324,0.386389414,-0.283734705
2018/7/15,0.023483366,0.395463138,-0.261192817
2018/7/22,-0.000956023,0.395085066,-0.252512056
2018/7/29,0.031578947,0.407561437,-0.251729849
2018/8/5,-0.071428571,0.378449905,-0.27961402
2018/8/12,-0.001998002,0.377693762,-0.280568415
2018/8/19,-0.029029029,0.366729679,-0.303914777
2018/8/26,-0.026804124,0.356899811,-0.306699013
2018/9/2,-0.032838983,0.345179584,-0.289808808
2018/9/9,-0.056955093,0.325519849,-0.315422221
2018/9/16,-0.027874564,0.316446125,-0.328730399
2018/9/23,-0.029868578,0.306994329,-0.336303442
2018/9/30,-0.025862069,0.29905482,-0.344887855
2018/10/7,0,0.29905482,-0.344887855
2018/10/14,-0.175726928,0.246502836,-0.412138746
2018/10/21,-0.098159509,0.222306238,-0.430767114
2018/10/28,0.073129252,0.238563327,-0.40190485
2018/11/4,0.093502377,0.260869565,-0.302908653
2018/11/11,0.053623188,0.274858223,-0.2943352
2018/11/18,0.162310867,0.319470699,-0.209246811
2018/11/25,-0.095857988,0.288846881,-0.23859818
2018/12/2,-0.007853403,0.28657845,-0.257256045
2018/12/9,0.027704485,0.294517958,-0.23593393
2018/12/16,-0.042362003,0.282041588,-0.257454878
2018/12/23,0.00536193,0.283553875,-0.244763041
2018/12/30,-0.038666667,0.272589792,-0.259184872
2019/1/6,-0.00554785,0.271077505,-0.285605359
2019/1/13,0.033472803,0.280151229,-0.261754156
2019/1/20,-0.018893387,0.274858223,-0.244527985
2019/1/27,-0.03301238,0.265784499,-0.260309589
2019/2/3,-0.089615932,0.241965974,-0.249044054
2019/2/10,0,0.241965974,-0.241053659
2019/2/17,0.1203125,0.271077505,-0.213633054
2019/2/24,0.076708508,0.291871456,-0.194341927
2019/3/3,0.084196891,0.316446125,-0.194687587
2019/3/10,0.188769415,0.376181474,-0.148185655
2019/3/17,0.021105528,0.384120983,-0.139285075
2019/3/24,0.072834646,0.412098299,-0.093053207
2019/3/31,-0.049541284,0.39168242,-0.150456895
2019/4/7,0.117760618,0.437807183,-0.091985185
2019/4/14,-0.035405872,0.422306238,-0.104219502
2019/4/21,0.028648165,0.434404537,-0.085058355
2019/4/28,0.027850305,0.446502836,-0.07679971
2019/5/5,0.038103302,0.463516068,-0.057083021
2019/5/12,-0.02365416,0.452551985,-0.065749069
2019/5/19,-0.032581454,0.437807183,-0.072418016
2019/5/26,-0.033678756,0.423062382,-0.083605943
2019/6/2,0.035746202,0.438185255,-0.04737417
2019/6/9,-0.095772217,0.396219282,-0.075651027
2019/6/16,0.029580153,0.407939509,-0.040118043
2019/6/23,0.03892493,0.423818526,0.003287043
2019/6/30,-0.04103479,0.406427221,-0.032192625
2019/7/7,-0.08,0.373913043,-0.010940813
2019/7/14,-0.06471183,0.349716446,-0.040978302
2019/7/21,0.003243243,0.350850662,-0.039580144
2019/7/28,-0.024784483,0.342155009,-0.058309269
2019/8/4,-0.015469613,0.336862004,-0.038803451
2019/8/11,-0.069584736,0.31342155,-0.062178208
2019/8/18,0.047044632,0.328166352,-0.037034786
2019/8/25,0.049539171,0.34442344,-0.01186109
2019/9/1,0.003293085,0.345557656,0.000364897
2019/9/8,0.261487965,0.435916824,0.097342672
2019/9/15,0.045967042,0.455954631,0.121746769
2019/9/22,-0.007462687,0.452551985,0.129357788
2019/9/29,-0.077694236,0.417391304,0.11113242
2019/10/6,-0.015398551,0.410964083,0.10595964
2019/10/13,0.018399264,0.41852552,0.17645479
2019/10/20,-0.035230352,0.403780718,0.198938691
2019/10/27,-0.001872659,0.403024575,0.174787581
2019/11/3,0.027204503,0.413988658,0.153939348
2019/11/10,0.000913242,0.41436673,0.136831997
2019/11/17,-0.041970803,0.396975425,0.072402939
2019/11/24,0.02952381,0.408695652,0.115691343
2019/12/1,-0.002775208,0.407561437,0.117393122
2019/12/8,0.038961039,0.423440454,0.121024306
2019/12/15,0.016964286,0.430623819,0.141060121
2019/12/22,0.04214223,0.448771267,0.153037063
2019/12/29,0.00168492,0.44952741,0.16674292
2020/1/5,-0.057190917,0.423818526,0.148966861
2020/1/12,0.045495094,0.443100189,0.152822115
2020/1/19,0.008532423,0.446880907,0.16201224
2020/1/26,-0.015228426,0.440075614,0.168086912
2020/2/2,0,0.440075614,0.199383151
2020/2/9,-0.00257732,0.438941399,0.198522935
2020/2/16,0.023255814,0.449149338,0.168316886
2020/2/23,0.123737374,0.504725898,0.18256734
2020/3/1,-0.068164794,0.470321361,0.132087734
2020/3/8,0.088424437,0.511909263,0.102691905
2020/3/15,-0.05465288,0.483931947,0.076995576
2020/3/22,-0.025,0.471833648,0.045121525
2020/3/29,-0.060096154,0.443478261,0.041399142
2020/4/5,-0.040920716,0.425330813,-0.009637114
2020/4/12,0.034666667,0.440075614,0.01373861
2020/4/19,0.009450172,0.444234405,0.007458716
2020/4/26,0.005106383,0.446502836,1.48E-16
2020/5/3,0.00762066,0.449905482,-0.00993451
2020/5/10,0.249579832,0.562192817,0.07231408
2020/5/17,0.016812374,0.571644612,0.088912966
2020/5/24,-0.046957672,0.544801512,0.084300629
2020/5/31,0.028452464,0.560302457,0.081944988
2020/6/7,0.038461538,0.581852552,0.12808309
2020/6/14,0.00259909,0.583364839,0.119231296
2020/6/21,0.034348671,0.603402647,0.117759785
2020/6/28,-0.003759398,0.601134216,0.130471118
2020/7/5,-0.138993711,0.51758034,0.108380498
2020/7/12,0.143900657,0.592060491,0.17549538
2020/7/19,-0.062579821,0.555009452,0.152874825
2020/7/26,0.003405995,0.556899811,0.162373824
2020/8/2,0.051595384,0.58563327,0.184340138
2020/8/9,0.051000646,0.615500945,0.224962464
2020/8/16,-0.041769042,0.58979206,0.195416462
2020/8/23,0.001282051,0.590548204,0.179726478
2020/8/30,-0.032010243,0.571644612,0.167785995
2020/9/6,-0.102513228,0.513043478,0.054303047
2020/9/13,-0.092114959,0.465784499,0.007109922
2020/9/20,0.034902597,0.482041588,0.021042584
2020/9/27,-0.061176471,0.452551985,0.026959493
2020/10/4,-0.01336675,0.446502836,0.027646643
2020/10/11,0.043183743,0.465784499,0.035661737
2020/10/18,-0.008928571,0.461625709,0.044627485
2020/10/25,-0.060606061,0.433648393,0.024412171
2020/11/1,-0.052310375,0.410964083,-0.002444252
2020/11/8,-0.091076357,0.373534972,-0.034579923
2020/11/15,0.015182186,0.379206049,-0.015264885
2020/11/22,0.027916251,0.38979206,-0.015785778
2020/11/29,-0.039767216,0.374291115,-0.028385936
2020/12/6,0.006060606,0.376559546,-0.039112236
2020/12/13,-0.047188755,0.35879017,-0.060832388
2020/12/20,-0.007376185,0.356143667,-0.077059707
2020/12/27,-0.020169851,0.348960302,-0.084412887
2021/1/3,-0.024918743,0.34026465,-0.073193887
2021/1/10,-0.22,0.265406427,-0.170844522
2021/1/17,-0.044159544,0.2536862,-0.188731354
2021/1/24,0.049180328,0.266162571,-0.167613091
2021/1/31,-0.105113636,0.238185255,-0.204632603
2021/2/7,-0.220634921,0.18563327,-0.286864285
2021/2/14,-0.034623218,0.179206049,-0.306273059
2021/2/21,0.316455696,0.235916824,-0.253512067
2021/2/28,0.16025641,0.273724008,-0.18043196
2021/3/7,0.124309392,0.307750473,-0.169619362
2021/3/14,-0.047911548,0.293005671,-0.167250776
2021/3/21,0.101935484,0.322873346,-0.126455452
2021/3/28,-0.009367681,0.319848771,-0.108933496
2021/4/4,-0.050827423,0.303591682,-0.112394534
2021/4/11,0.062266501,0.322495274,-0.10361936
2021/4/18,0.010550996,0.325897921,-0.103256052
2021/4/25,-0.067285383,0.303969754,-0.128172516
2021/5/2,-0.001243781,0.303591682,-0.131117957
2021/5/9,-0.252801993,0.2268431,-0.302528764
2021/5/16,-0.001666667,0.226465028,-0.30864232
2021/5/23,-0.030050083,0.219659735,-0.302780613
2021/5/30,0.005163511,0.220793951,-0.310415608
2021/6/6,0.063356164,0.234782609,-0.302519017
2021/6/13,0.062801932,0.24952741,-0.283081339
2021/6/20,0.045454545,0.260869565,-0.279521393
2021/6/27,0.002898551,0.261625709,-0.277301113
2021/7/4,-0.242774566,0.198109641,-0.320114714
2021/7/11,0.173664122,0.232514178,-0.311552536
2021/7/18,0.055284553,0.24536862,-0.272074497
2021/7/25,0.084745763,0.266162571,-0.246092687
2021/8/1,0.056818182,0.281285444,-0.244441269
2021/8/8,0.024193548,0.288090737,-0.253053664
2021/8/15,0.085301837,0.312665406,-0.211545468
2021/8/22,0.014510278,0.317202268,-0.207170541
2021/8/29,0.087008343,0.344801512,-0.168516189
2021/9/5,-0.105263158,0.308506616,-0.169539102
2021/9/12,0.083333333,0.334215501,-0.110645694
2021/9/19,-0.023755656,0.326275992,-0.130095589
2021/9/26,-0.005793743,0.324385633,-0.110989869
2021/10/3,-0.155011655,0.274102079,-0.162648387
2021/10/10,-0.022068966,0.26805293,-0.184179539
2021/10/17,-0.086036671,0.244990548,-0.211178259
2021/10/24,0.047839506,0.256710775,-0.17476133
2021/10/31,0.020618557,0.262003781,-0.150048963
2021/11/7,0.021645022,0.267674858,-0.111079535
2021/11/14,0.111581921,0.297542533,-0.080840847
2021/11/21,0.041931385,0.310018904,-0.076326715
2021/11/28,0.052439024,0.326275992,-0.045763417
2021/12/5,0.022016222,0.333459357,-0.040518401
2021/12/12,-0.06462585,0.311909263,-0.046675137
2021/12/19,0.046060606,0.326275992,-0.029196861
2021/12/26,-0.018539977,0.320226843,-0.028642847
2022/1/2,0.063754427,0.340642722,0.000370165
2022/1/9,-0.400665927,0.20415879,-0.087454755
2022/1/16,0.042592593,0.212854442,-0.058496503
2022/1/23,-0.177619893,0.175047259,-0.139683767
2022/1/30,-0.118790497,0.154253308,-0.144817548
2022/2/6,0,0.154253308,-0.061725651
2022/2/13,0.083333333,0.16710775,-0.023299147
2022/2/20,0.015837104,0.169754253,-0.10970916
2022/2/27,0.051224944,0.178449905,-0.142604136
2022/3/6,0.042372881,0.186011342,-0.167827217
2022/3/13,-0.046747967,0.17731569,-0.167420087
2022/3/20,-0.117270789,0.156521739,-0.241355073
2022/3/27,0.048309179,0.164083176,-0.222491609
2022/4/3,-0.013824885,0.161814745,-0.209743839
2022/4/10,-0.077102804,0.149338374,-0.256624594
2022/4/17,-0.111392405,0.132703214,-0.299489682
2022/4/24,-0.03988604,0.127410208,-0.28983878
2022/5/1,-0.115727003,0.112665406,-0.330420409
2022/5/8,0.406040268,0.158412098,-0.119686245
2022/5/15,0.131264916,0.179206049,-0.078018092
2022/5/22,0.025316456,0.183742911,-0.059514044
2022/5/29,0.051440329,0.193194707,-0.044510464
2022/6/5,0.054794521,0.203780718,-0.04720517
2022/6/12,-0.016697588,0.200378072,-0.073120943
2022/6/19,0.00754717,0.201890359,-0.08543192
2022/6/26,-0.005617978,0.200756144,-0.088274645
2022/7/3,0.099811676,0.220793951,0.036136433
2022/7/10,0.003424658,0.221550095,-0.016100826
2022/7/17,0.013651877,0.224574669,-0.029517799
2022/7/24,0.127946128,0.253308129,-0.016500215
2022/7/31,0.064179104,0.269565217,-0.014186538
2022/8/7,-0.016830295,0.265028355,-0.02781289
2022/8/14,0.054208274,0.279395085,-0.037502258
2022/8/21,0.027063599,0.286956522,-0.033402976
2022/8/28,-0.054018445,0.271455577,-0.079723474
2022/9/4,0.200557103,0.325897921,0.018280305
2022/9/11,0.022041763,0.333081285,-0.001133146
2022/9/18,-0.095346198,0.301323251,-0.026520004
2022/9/25,-0.007528231,0.29905482,-0.027102044
2022/10/2,-0.08091024,0.274858223,0.000918274
2022/10/9,0,0.274858223,0.008356984
2022/10/16,0.129298487,0.310396975,0.078877471
2022/10/23,0.052375152,0.326654064,0.080317214
2022/10/30,0.006944444,0.328922495,0.075821071
2022/11/6,0.213793103,0.399243856,0.133266457
2022/11/13,-0.011363636,0.394706994,0.094195507
2022/11/20,0.021072797,0.403024575,0.087454755
2022/11/27,-0.028142589,0.39168242,0.060902577
2022/12/4,0.02027027,0.399621928,0.060332643
2022/12/11,-0.039735099,0.383742911,0.069086835
2022/12/18,-0.025615764,0.373913043,0.045426547
2022/12/25,-0.085945399,0.341776938,0.021709555
2023/1/1,0.024336283,0.350094518,0.009122992
2023/1/8,0.064794816,0.372778828,0.200695738
2023/1/15,-0.029411765,0.361814745,0.176841254
2023/1/22,0.043887147,0.377693762,0.256342575
2023/1/29,0,0.377693762,0.298495868
2023/2/5,0.08008008,0.407939509,0.324174264
2023/2/12,0.031510658,0.420793951,0.307834823
2023/2/19,-0.007187781,0.417769376,0.300192575
2023/2/26,0.027149321,0.429111531,0.292469648
2023/3/5,-0.000881057,0.428733459,0.278342589
2023/3/12,-0.007936508,0.425330813,0.291645182
2023/3/19,-0.008888889,0.421550095,0.330247903
2023/3/26,0.030493274,0.434404537,0.324534248
2023/4/2,0.015665796,0.44120983,0.334356146
2023/4/9,0.035132819,0.456710775,0.372611871
2023/4/16,-0.013245033,0.450661626,0.407533875
2023/4/23,-0.02852349,0.437807183,0.411455576
2023/4/30,0.071675302,0.469187146,0.475526433
2023/5/7,0.098307816,0.515311909,0.393190837
2023/5/14,-0.019809244,0.50510397,0.345409344
2023/5/21,0.01497006,0.512665406,0.342028615
2023/5/28,-0.000737463,0.512287335,0.325062381
